Date,Article,Price,Parking,Rooms,Meters,Floor,Sqmp
04-11-2020,89157146,950,0,3,53.0,1,17.92
04-11-2020,88881077,1050,0,2,75.0,3,14.0
04-11-2020,37548999,1100,0,3,78.0,0,14.1
04-11-2020,89018846,1200,0,4,85.0,4,14.12
04-11-2020,89156201,810,0,3,68.0,2,11.91
04-11-2020,89033376,1150,0,3,65.0,0,17.69
04-11-2020,31471096,1050,0,3,75.0,5,14.0
04-11-2020,89058056,1100,0,3,85.0,2,12.94
04-11-2020,89155744,1200,0,2,55.0,5,21.82
04-11-2020,89058154,1000,0,3,70.0,2,14.29
04-11-2020,86364857,1100,0,3,67.0,5,16.42
04-11-2020,89146975,850,0,3,85.0,3,10.0
04-11-2020,84648537,1200,0,2,65.0,4,18.46
04-11-2020,88991319,1100,0,2,70.0,1,15.71
04-11-2020,88197852,1100,0,3,150.0,0,7.33
04-11-2020,39923316,1095,0,2,71.0,2,15.42
04-11-2020,89155219,1000,0,3,60.0,3,16.67
04-11-2020,25255152,1000,0,2,53.0,3,18.87
04-11-2020,89155109,950,0,2,55.0,3,17.27
04-11-2020,87800848,850,0,2,67.0,3,12.69
04-11-2020,89153675,1100,0,3,60.0,3,18.33
04-11-2020,39372073,950,0,2,80.0,3,11.88
04-11-2020,89153999,875,0,2,60.0,3,14.58
04-11-2020,89122012,1000,0,2,70.0,1,14.29
04-11-2020,89153987,1200,0,2,58.0,1,20.69
04-11-2020,39423848,950,0,2,45.0,4,21.11
04-11-2020,89153973,900,0,2,45.0,4,20.0
04-11-2020,85969278,1090,0,2,62.0,2,17.58
04-11-2020,89153893,1000,0,2,81.0,4,12.35
04-11-2020,85985033,1150,0,2,62.0,5,18.55
04-11-2020,89153713,1050,0,3,65.0,3,16.15
04-11-2020,86952560,1090,0,2,50.0,1,21.8
04-11-2020,89153725,1100,0,2,70.0,1,15.71
04-11-2020,86812016,1090,0,2,50.0,4,21.8
04-11-2020,89153489,1200,0,2,58.0,8,20.69
04-11-2020,87440588,995,0,2,52.0,3,19.13
04-11-2020,87023019,1040,0,2,65.0,3,16.0
04-11-2020,85985011,1090,0,2,62.0,2,17.58
04-11-2020,89153214,1200,0,3,86.0,3,13.95
04-11-2020,85860786,1200,0,2,70.0,5,17.14
04-11-2020,89153171,1000,0,2,50.0,3,20.0
04-11-2020,85860707,1050,0,2,65.0,5,16.15
04-11-2020,89153117,1200,0,2,75.0,4,16.0
04-11-2020,87159783,1150,0,2,60.0,1,19.17
04-11-2020,89153045,950,0,2,63.0,3,15.08
04-11-2020,85952743,1090,0,2,65.0,1,16.77
04-11-2020,89152957,1050,0,2,70.0,3,15.0
04-11-2020,89152970,1200,0,2,65.0,2,18.46
04-11-2020,89152921,1200,0,2,65.0,3,18.46
04-11-2020,89152892,1200,0,2,89.0,8,13.48
04-11-2020,89152896,1100,0,3,65.0,5,16.92
04-11-2020,89152634,1000,0,2,60.0,0,16.67
04-11-2020,89152652,1200,0,3,85.0,1,14.12
04-11-2020,89152655,950,0,2,70.0,4,13.57
04-11-2020,89152640,1200,0,3,70.0,4,17.14
04-11-2020,29142137,1000,0,2,52.0,0,19.23
04-11-2020,89151775,1150,0,2,75.0,3,15.33
04-11-2020,89151516,950,0,2,60.0,4,15.83
04-11-2020,86370743,925,0,3,80.0,2,11.56
04-11-2020,89149206,1200,1,2,58.0,1,20.69
04-11-2020,89147417,1200,0,3,80.0,1,15.0
04-11-2020,89147382,1000,0,2,50.0,2,20.0
04-11-2020,89147365,1150,0,3,90.0,2,12.78
04-11-2020,89147107,1200,0,3,68.0,6,17.65
04-11-2020,89147070,1100,0,2,48.0,1,22.92
04-11-2020,89147028,1050,0,2,70.0,3,15.0
04-11-2020,89146707,1100,0,2,47.0,1,23.4
04-11-2020,89146599,1150,1,3,80.0,4,14.38
04-11-2020,89146457,1050,1,3,95.0,3,11.05
04-11-2020,89146249,1100,0,2,60.0,4,18.33
04-11-2020,89146159,850,0,2,55.0,4,15.45
04-11-2020,89144908,950,0,2,60.0,2,15.83
04-11-2020,89144040,1150,0,2,67.0,3,17.16
04-11-2020,89143958,1200,0,2,61.0,3,19.67
04-11-2020,89143952,1200,0,2,45.0,4,26.67
04-11-2020,89141860,1200,0,2,100.0,2,12.0
04-11-2020,89140527,850,0,2,55.0,1,15.45
04-11-2020,89136219,1150,0,3,120.0,0,9.58
04-11-2020,89136202,1200,0,3,89.0,1,13.48
04-11-2020,89134245,1100,0,3,80.0,0,13.75
04-11-2020,89134189,1040,0,3,65.0,5,16.0
04-11-2020,89134166,1150,0,2,89.0,3,12.92
04-11-2020,89134118,1040,0,3,65.0,5,16.0
04-11-2020,89134032,805,0,2,65.0,4,12.38
04-11-2020,89132452,1100,0,3,65.0,1,16.92
04-11-2020,89133021,1200,0,3,65.0,3,18.46
04-11-2020,89133149,1200,0,2,55.0,1,21.82
04-11-2020,86226039,1200,0,2,68.0,1,17.65
04-11-2020,37426265,950,0,2,65.0,3,14.62
04-11-2020,89118105,850,0,3,60.0,1,14.17
04-11-2020,89117332,1100,0,2,65.0,4,16.92
04-11-2020,89111796,900,0,2,56.0,2,16.07
04-11-2020,89110968,1000,0,3,80.0,1,12.5
04-11-2020,89109813,1114,0,2,56.0,1,19.89
04-11-2020,89104855,1100,0,3,78.0,0,14.1
04-11-2020,89071413,1200,0,3,70.0,6,17.14
04-11-2020,89117482,900,0,2,62.0,2,14.52
04-11-2020,88481650,1200,0,4,93.0,1,12.9
04-11-2020,85251165,1100,0,2,60.0,6,18.33
04-11-2020,87532161,1050,1,2,65.0,10,16.15
04-11-2020,88825371,1000,0,2,78.0,2,12.82
04-11-2020,88069628,1100,0,2,83.0,1,13.25
04-11-2020,88798654,1000,0,3,71.0,5,14.08
04-11-2020,86313044,1000,0,3,100.0,1,10.0
04-11-2020,88758452,1190,0,2,89.0,0,13.37
04-11-2020,89148261,1150,1,3,100.0,3,11.5
04-11-2020,89147723,1050,1,2,60.0,4,17.5
04-11-2020,89147709,1150,1,3,80.0,0,14.38
04-11-2020,89139756,1050,0,3,63.0,1,16.67
04-11-2020,31480792,1000,0,2,75.0,2,13.33
04-11-2020,85860967,1200,0,2,70.0,4,17.14
04-11-2020,84815028,1100,0,2,100.0,4,11.0
04-11-2020,32954828,900,0,2,60.0,1,15.0
04-11-2020,88980790,1200,0,2,77.0,3,15.58
04-11-2020,83218274,1000,0,2,52.0,1,19.23
04-11-2020,87969585,999,0,2,70.0,1,14.27
04-11-2020,88838804,1200,0,3,108.0,0,11.11
04-11-2020,89150355,1100,0,2,60.0,3,18.33
04-11-2020,89082146,1100,0,2,55.0,3,20.0
04-11-2020,88996508,975,0,2,60.0,2,16.25
04-11-2020,88843056,1150,0,2,76.0,3,15.13
04-11-2020,34260460,1200,0,2,70.0,0,17.14
04-11-2020,89002518,1100,0,2,58.0,4,18.97
04-11-2020,89149270,1200,0,3,72.0,9,16.67
04-11-2020,89148256,1200,0,2,69.0,5,17.39
04-11-2020,89147721,1000,1,2,60.0,1,16.67
04-11-2020,89147711,1000,1,2,60.0,1,16.67
04-11-2020,89146287,1200,0,2,90.0,0,13.33
04-11-2020,89142081,1200,0,3,108.0,7,11.11
04-11-2020,87020695,1000,0,2,60.0,1,16.67
04-11-2020,89131376,1200,0,2,70.0,4,17.14
04-11-2020,89116642,1150,0,3,52.0,4,22.12
04-11-2020,89095767,950,0,2,42.0,2,22.62
04-11-2020,89075801,1200,0,2,50.0,9,24.0
04-11-2020,89065473,1200,0,2,55.0,3,21.82
04-11-2020,89053341,850,0,3,84.0,1,10.12
04-11-2020,82715673,1000,0,2,55.0,4,18.18
04-11-2020,85860499,1050,0,2,65.0,4,16.15
04-11-2020,88952675,1200,0,2,80.0,4,15.0
04-11-2020,88951800,1150,0,3,80.0,10,14.38
04-11-2020,84634635,1052,0,2,101.0,3,10.42
04-11-2020,89146334,890,0,2,60.0,4,14.83
04-11-2020,89113718,1200,0,2,60.0,1,20.0
04-11-2020,88888241,1200,0,2,98.0,1,12.24
04-11-2020,88857740,1200,0,2,61.0,1,19.67
04-11-2020,85544118,820,0,3,46.0,2,17.83
04-11-2020,87622825,1200,0,2,57.0,4,21.05
04-11-2020,39745105,1000,0,3,70.0,4,14.29
04-11-2020,89152642,1200,0,2,110.0,4,10.91
04-11-2020,88852281,1000,0,2,60.0,0,16.67
04-11-2020,88655179,1200,0,2,62.0,0,19.35
04-11-2020,88635321,975,0,3,60.0,2,16.25
04-11-2020,88129920,1200,0,2,70.0,2,17.14
04-11-2020,87266631,1200,0,4,134.0,1,8.96
04-11-2020,89147014,890,0,2,45.0,1,19.78
04-11-2020,81524894,1200,0,3,90.0,5,13.33
04-11-2020,89138280,800,0,3,65.0,0,12.31
04-11-2020,88952240,950,0,2,55.0,0,17.27
04-11-2020,88951985,1200,0,4,85.0,2,14.12
04-11-2020,88871191,1150,0,3,80.0,10,14.38
04-11-2020,88827849,1200,0,4,85.0,2,14.12
04-11-2020,88827774,1200,0,2,80.0,4,15.0
04-11-2020,88760505,1150,0,3,80.0,10,14.38
04-11-2020,89140919,1000,1,2,69.0,4,14.49
04-11-2020,89070224,1150,0,2,70.0,1,16.43
04-11-2020,89067448,1200,0,2,105.0,2,11.43
04-11-2020,84576723,1100,0,2,120.0,1,9.17
04-11-2020,89005168,980,0,3,66.0,2,14.85
04-11-2020,86871269,990,0,2,46.0,1,21.52
04-11-2020,89083038,1100,0,2,65.0,0,16.92
04-11-2020,89027790,980,0,2,56.0,0,17.5
04-11-2020,40428360,1100,0,4,80.0,3,13.75
04-11-2020,28333130,725,0,2,48.0,0,15.1
04-11-2020,86810024,900,0,3,73.0,2,12.33
04-11-2020,89006806,1200,0,2,65.0,5,18.46
04-11-2020,89007037,1050,0,3,80.0,2,13.12
04-11-2020,88635882,1200,0,2,61.0,1,19.67
04-11-2020,89131776,1000,0,3,45.0,2,22.22
04-11-2020,89085748,999,0,2,70.0,1,14.27
04-11-2020,89024254,700,0,2,65.0,3,10.77
04-11-2020,89011630,700,0,2,64.0,3,10.94
04-11-2020,89002614,820,0,3,70.0,0,11.71
04-11-2020,88994753,1150,0,2,65.0,0,17.69
04-11-2020,88964322,1200,0,2,62.0,1,19.35
04-11-2020,88933270,1200,0,3,70.0,4,17.14
04-11-2020,83552247,1000,0,2,65.0,4,15.38
04-11-2020,89124836,950,0,2,60.0,1,15.83
04-11-2020,82901628,1200,0,2,60.0,1,20.0
04-11-2020,89053047,1120,0,2,70.0,3,16.0
04-11-2020,89040910,1080,0,2,62.0,5,17.42
04-11-2020,88965134,890,0,2,55.0,3,16.18
04-11-2020,88962517,1100,0,3,80.0,1,13.75
04-11-2020,88917780,1190,0,2,57.0,4,20.88
04-11-2020,89065645,1000,0,4,62.0,5,16.13
04-11-2020,88886627,990,0,2,59.0,2,16.78
04-11-2020,88112825,1200,0,3,80.0,3,15.0
04-11-2020,88244372,1200,0,2,52.0,4,23.08
04-11-2020,88196898,1000,0,3,70.0,3,14.29
04-11-2020,85250440,1033,1,2,60.0,4,17.22
04-11-2020,87017300,1200,0,2,60.0,3,20.0
04-11-2020,86060554,1200,0,2,56.0,6,21.43
04-11-2020,89121601,890,0,2,50.0,1,17.8
04-11-2020,89059070,1000,0,2,70.0,2,14.29
04-11-2020,89021295,1150,0,2,70.0,2,16.43
04-11-2020,89021294,1200,0,2,60.0,1,20.0
04-11-2020,88994428,1100,0,3,80.0,1,13.75
04-11-2020,89147096,985,0,3,69.0,5,14.28
04-11-2020,89143536,900,0,2,65.0,2,13.85
04-11-2020,89137481,1000,0,3,82.0,0,12.2
04-11-2020,89129982,1000,0,2,55.0,42,18.18
04-11-2020,89129041,1200,0,2,55.0,1,21.82
04-11-2020,89128661,1190,0,2,66.0,4,18.03
04-11-2020,89128652,875,0,2,50.0,3,17.5
04-11-2020,89128481,1200,0,2,70.0,3,17.14
04-11-2020,89128420,1200,0,3,79.0,4,15.19
04-11-2020,89128462,950,0,2,90.0,0,10.56
04-11-2020,89128434,1200,0,3,72.0,10,16.67
04-11-2020,89128415,1000,0,3,94.0,1,10.64
04-11-2020,89128310,1200,0,3,79.0,4,15.19
04-11-2020,89128208,1190,0,2,66.0,4,18.03
04-11-2020,89128080,1200,0,3,72.0,10,16.67
04-11-2020,89126822,1200,0,3,79.0,4,15.19
04-11-2020,89126747,1190,0,2,66.0,4,18.03
04-11-2020,89126556,875,0,2,50.0,3,17.5
04-11-2020,89122648,1100,0,3,65.0,1,16.92
04-11-2020,89122491,1100,0,3,65.0,1,16.92
04-11-2020,89118913,1050,0,2,40.0,5,26.25
04-11-2020,89118872,1200,0,3,89.0,1,13.48
04-11-2020,89118842,1050,0,2,40.0,5,26.25
04-11-2020,89118239,1150,0,3,120.0,0,9.58
04-11-2020,89113293,1200,0,2,70.0,3,17.14
04-11-2020,89113090,1190,0,2,66.0,4,18.03
04-11-2020,89112758,1200,0,2,60.0,1,20.0
04-11-2020,89111788,1050,0,2,40.0,5,26.25
04-11-2020,89110482,1150,0,2,89.0,3,12.92
04-11-2020,89110545,1200,0,3,89.0,1,13.48
04-11-2020,88996758,1000,0,3,75.0,6,13.33
04-11-2020,88981173,1150,0,4,85.0,5,13.53
04-11-2020,88918435,990,0,2,45.0,2,22.0
04-11-2020,88903867,1190,0,3,85.0,7,14.0
04-11-2020,88900128,1100,0,2,60.0,0,18.33
04-11-2020,88885630,930,0,3,49.0,0,18.98
04-11-2020,88830756,1100,0,2,70.0,2,15.71
04-11-2020,88828165,1100,0,2,60.0,2,18.33
04-11-2020,88486178,945,0,3,69.0,6,13.7
04-11-2020,88457640,850,0,2,63.0,0,13.49
04-11-2020,88449887,1100,0,2,47.0,1,23.4
04-11-2020,88216388,965,0,3,75.0,1,12.87
04-11-2020,89101099,1000,0,3,54.0,3,18.52
04-11-2020,89066266,1050,0,2,58.0,7,18.1
04-11-2020,89059449,990,0,4,95.0,3,10.42
04-11-2020,89059378,750,0,3,60.0,2,12.5
04-11-2020,89020043,1150,0,4,85.0,1,13.53
04-11-2020,89020429,750,0,3,60.0,3,12.5
04-11-2020,89012105,1100,0,3,65.0,6,16.92
04-11-2020,89010447,1200,0,4,85.0,4,14.12
04-11-2020,89006218,1200,0,3,75.0,5,16.0
04-11-2020,89004514,900,0,2,75.0,1,12.0
04-11-2020,88993714,900,0,2,40.0,5,22.5
04-11-2020,88939368,1100,0,3,88.0,3,12.5
04-11-2020,88866391,1200,0,2,66.0,1,18.18
04-11-2020,88838239,800,0,2,65.0,3,12.31
04-11-2020,88832422,1185,0,2,79.0,2,15.0
04-11-2020,88786970,990,0,3,65.0,3,15.23
04-11-2020,88586195,800,0,2,65.0,3,12.31
04-11-2020,88413951,800,0,2,65.0,3,12.31
04-11-2020,39462719,1150,0,2,70.0,1,16.43
04-11-2020,88994739,850,0,2,64.0,1,13.28
04-11-2020,89152643,1100,0,2,49.0,4,22.45
04-11-2020,89084251,950,0,2,75.0,2,12.67
04-11-2020,89019587,1000,0,3,65.0,3,15.38
04-11-2020,89010354,790,0,2,60.0,0,13.17
04-11-2020,88923598,925,0,3,72.0,4,12.85
04-11-2020,88819478,1150,0,3,65.0,6,17.69
04-11-2020,88807782,1200,0,2,52.0,1,23.08
04-11-2020,89134091,840,0,2,45.0,3,18.67
04-11-2020,89111430,1100,0,2,50.0,2,22.0
04-11-2020,88764405,1190,0,2,55.0,4,21.64
04-11-2020,89056602,1000,0,2,70.0,6,14.29
04-11-2020,88921531,925,0,2,65.0,2,14.23
04-11-2020,37305375,975,0,2,65.0,2,15.0
04-11-2020,89126463,1200,0,4,95.0,1,12.63
04-11-2020,89112657,1117,0,3,85.0,3,13.14
04-11-2020,89084626,1200,0,2,90.0,1,13.33
04-11-2020,83659189,1195,0,2,60.0,2,19.92
04-11-2020,89056897,1150,0,2,72.0,5,15.97
04-11-2020,89044718,1200,0,3,80.0,6,15.0
04-11-2020,89005467,1100,0,4,75.0,0,14.67
04-11-2020,88964748,1100,0,3,80.0,0,13.75
04-11-2020,88904155,1050,0,2,74.0,3,14.19
04-11-2020,88753901,1100,0,2,65.0,4,16.92
04-11-2020,89143888,775,0,2,61.0,1,12.7
04-11-2020,35885518,830,0,2,46.0,2,18.04
04-11-2020,89096086,1190,0,2,62.0,5,19.19
04-11-2020,87641569,1100,0,2,65.0,0,16.92
04-11-2020,88963776,900,0,2,55.0,4,16.36
04-11-2020,39557751,1050,0,3,69.0,2,15.22
04-11-2020,88893524,1100,0,2,57.0,3,19.3
04-11-2020,88892851,1100,0,3,90.0,0,12.22
04-11-2020,88818349,1000,0,3,90.0,0,11.11
04-11-2020,88815598,900,0,2,70.0,0,12.86
04-11-2020,88711537,1040,0,3,65.0,5,16.0
04-11-2020,88593114,800,0,2,60.0,0,13.33
04-11-2020,88574070,1100,1,2,90.0,0,12.22
04-11-2020,88310751,1200,0,2,74.0,0,16.22
04-11-2020,88162913,1150,0,4,110.0,0,10.45
04-11-2020,87997446,1000,0,3,81.0,4,12.35
04-11-2020,87336457,1100,0,3,82.0,1,13.41
04-11-2020,84375108,1050,0,3,60.0,3,17.5
04-11-2020,40496432,875,0,2,53.0,5,16.51
04-11-2020,89085720,1100,0,2,75.0,1,14.67
04-11-2020,89072853,1100,0,2,55.0,3,20.0
04-11-2020,89016729,1000,0,3,80.0,1,12.5
04-11-2020,89008808,950,0,2,55.0,4,17.27
04-11-2020,88986464,1200,0,2,60.0,1,20.0
04-11-2020,89002718,1190,0,2,74.0,2,16.08
04-11-2020,88995508,1190,0,2,74.0,2,16.08
04-11-2020,88824676,950,0,2,55.0,0,17.27
04-11-2020,30876886,900,0,2,55.0,4,16.36
04-11-2020,88633969,1100,0,2,100.0,2,11.0
04-11-2020,85446778,950,0,3,73.0,3,13.01
04-11-2020,81772576,1100,0,3,65.0,2,16.92
04-11-2020,38366016,1200,0,2,44.0,3,27.27
04-11-2020,88923959,1150,0,3,75.0,4,15.33
04-11-2020,88912178,1000,0,2,52.0,1,19.23
04-11-2020,88912167,1000,0,2,52.0,4,19.23
04-11-2020,88883483,890,0,2,66.0,0,13.48
04-11-2020,88875696,1100,0,2,80.0,2,13.75
04-11-2020,88836619,1100,0,2,75.0,1,14.67
04-11-2020,88730496,1200,0,2,62.0,1,19.35
04-11-2020,84717338,1100,0,2,55.0,1,20.0
04-11-2020,88275581,1100,0,2,80.0,0,13.75
04-11-2020,89122471,1200,0,2,83.0,3,14.46
04-11-2020,88192614,1120,0,3,63.0,0,17.78
04-11-2020,89088359,725,0,3,55.0,0,13.18
04-11-2020,89067585,1100,0,3,55.0,3,20.0
04-11-2020,89047253,1065,0,2,45.0,0,23.67
04-11-2020,88989032,1195,0,2,57.0,3,20.96
04-11-2020,88979515,1200,0,2,60.0,2,20.0
04-11-2020,88961189,1125,0,2,53.0,4,21.23
04-11-2020,88960668,975,0,2,49.0,2,19.9
04-11-2020,88856293,1100,0,3,85.0,0,12.94
04-11-2020,88713983,1100,0,3,75.0,9,14.67
04-11-2020,89143955,1000,0,2,70.0,1,14.29
04-11-2020,86142330,1150,0,2,65.0,2,17.69
04-11-2020,89133811,1069,0,3,83.0,3,12.88
04-11-2020,82567183,995,0,2,45.0,3,22.11
04-11-2020,89125449,1150,0,4,90.0,3,12.78
04-11-2020,84143169,1150,0,2,52.0,1,22.12
04-11-2020,89103823,1050,0,3,83.0,6,12.65
04-11-2020,88988497,990,1,2,85.0,4,11.65
04-11-2020,88952400,1100,0,3,70.0,2,15.71
04-11-2020,88910093,1100,0,3,75.0,8,14.67
04-11-2020,88885023,1200,0,3,72.0,14,16.67
04-11-2020,88884861,900,0,3,75.0,2,12.0
04-11-2020,88884798,900,0,2,65.0,1,13.85
04-11-2020,88850535,1100,0,3,70.0,2,15.71
04-11-2020,88816768,725,0,2,50.0,4,14.5
04-11-2020,88465634,1190,0,2,69.0,2,17.25
04-11-2020,87890837,1100,0,3,81.0,3,13.58
04-11-2020,89130601,900,0,2,65.0,1,13.85
04-11-2020,89112637,1158,0,2,70.0,3,16.54
04-11-2020,89099191,1150,0,2,70.0,0,16.43
04-11-2020,89095058,1100,0,3,85.0,3,12.94
04-11-2020,89094234,1100,0,3,85.0,2,12.94
04-11-2020,89080397,1200,0,3,71.0,0,16.9
04-11-2020,88884242,1083,1,2,60.0,5,18.05
04-11-2020,89026659,1050,0,2,66.0,2,15.91
04-11-2020,84321164,1200,0,2,90.0,1,13.33
04-11-2020,88801994,1200,0,3,75.0,7,16.0
04-11-2020,88777821,1200,0,2,65.0,6,18.46
04-11-2020,89070728,745,0,2,50.0,0,14.9
04-11-2020,89047115,840,0,3,76.0,0,11.05
04-11-2020,88873760,1050,0,3,63.0,5,16.67
04-11-2020,88727394,1030,0,4,52.0,1,19.81
04-11-2020,88599426,900,1,3,71.0,3,12.68
04-11-2020,38196903,775,0,2,40.0,5,19.38
04-11-2020,88492613,1200,0,3,75.0,7,16.0
04-11-2020,88458073,880,0,3,75.0,0,11.73
04-11-2020,86380451,1200,0,3,77.0,1,15.58
04-11-2020,83551190,1100,0,2,79.0,0,13.92
04-11-2020,89056093,975,0,2,78.0,0,12.5
04-11-2020,86313043,1120,0,2,76.0,1,14.74
04-11-2020,84359981,1200,0,2,85.0,1,14.12
04-11-2020,31793736,1000,0,2,70.0,1,14.29
04-11-2020,86431668,1100,0,2,60.0,5,18.33
04-11-2020,89143889,1000,0,2,54.0,1,18.52
04-11-2020,89138142,800,0,2,53.0,2,15.09
04-11-2020,89133704,750,0,3,58.0,0,12.93
04-11-2020,89133681,945,0,2,45.0,0,21.0
04-11-2020,89118401,1100,0,2,60.0,4,18.33
04-11-2020,89102843,1130,0,4,120.0,2,9.42
04-11-2020,89091640,1100,0,2,50.0,4,22.0
04-11-2020,1001803,1100,0,2,60.0,2,18.33
04-11-2020,89022506,1200,0,3,60.0,2,20.0
04-11-2020,89007913,1150,0,2,72.0,0,15.97
04-11-2020,88972971,1050,0,3,65.0,4,16.15
04-11-2020,88885462,985,0,3,69.0,0,14.28
04-11-2020,88874603,1200,0,2,85.0,2,14.12
04-11-2020,88870838,900,0,2,80.0,1,11.25
04-11-2020,88770125,995,0,3,70.0,0,14.21
04-11-2020,88457719,945,0,3,69.0,0,13.7
04-11-2020,88098979,999,0,2,74.0,1,13.5
04-11-2020,87618977,1125,0,3,59.0,0,19.07
04-11-2020,34297283,1150,0,2,63.0,5,18.25
04-11-2020,89128402,950,0,2,90.0,0,10.56
04-11-2020,89126834,1200,0,3,83.0,9,14.46
04-11-2020,89126537,1000,0,2,65.0,2,15.38
04-11-2020,89126364,840,0,3,76.0,0,11.05
04-11-2020,30814085,900,0,2,80.0,0,11.25
04-11-2020,89114991,1000,0,2,60.0,4,16.67
04-11-2020,89090448,900,0,2,42.0,1,21.43
04-11-2020,89088392,795,0,3,53.0,0,15.0
04-11-2020,87998180,920,0,3,60.0,0,15.33
04-11-2020,89051172,1200,0,2,52.0,4,23.08
04-11-2020,89047199,975,0,2,71.0,0,13.73
04-11-2020,89032887,750,0,2,58.0,3,12.93
04-11-2020,89029689,1100,0,3,65.0,1,16.92
04-11-2020,89026685,1100,0,3,80.0,0,13.75
04-11-2020,89026151,1100,0,3,80.0,0,13.75
04-11-2020,89026147,1040,0,3,65.0,5,16.0
04-11-2020,1011608,1200,0,2,71.0,7,16.9
04-11-2020,89024307,1100,0,2,53.0,0,20.75
04-11-2020,36354712,1125,0,2,59.0,0,19.07
04-11-2020,88990263,1120,0,3,73.0,1,15.34
04-11-2020,88981091,1150,1,2,66.0,2,17.42
04-11-2020,88975019,1000,0,3,75.0,6,13.33
04-11-2020,88956409,1200,0,3,86.0,3,13.95
04-11-2020,88951470,1150,0,2,60.0,1,19.17
04-11-2020,88942625,1100,0,3,80.0,0,13.75
04-11-2020,88942069,1150,0,2,89.0,3,12.92
04-11-2020,88934645,1200,0,3,80.0,1,15.0
04-11-2020,88653658,945,0,3,73.0,1,12.95
04-11-2020,39372700,980,0,2,50.0,4,19.6
04-11-2020,82040806,1100,0,3,60.0,4,18.33
04-11-2020,83503603,1100,0,2,65.0,3,16.92
04-11-2020,89117478,900,0,2,57.0,2,15.79
04-11-2020,89098848,1100,0,3,90.0,4,12.22
04-11-2020,89091839,1000,0,2,54.0,4,18.52
04-11-2020,89090850,1150,0,3,80.0,5,14.38
04-11-2020,86010593,1150,1,3,60.0,1,19.17
04-11-2020,89077844,850,0,2,45.0,1,18.89
04-11-2020,33993046,1200,0,2,55.0,3,21.82
04-11-2020,89050086,1200,0,3,72.0,3,16.67
04-11-2020,89023671,1200,0,4,86.0,3,13.95
04-11-2020,89005890,890,0,3,63.0,3,14.13
04-11-2020,88978631,1200,0,2,80.0,7,15.0
04-11-2020,88963559,900,0,3,65.0,6,13.85
04-11-2020,88924828,950,0,2,55.0,5,17.27
04-11-2020,88924372,1200,0,2,84.0,4,14.29
04-11-2020,88912175,1200,0,4,79.0,3,15.19
04-11-2020,88910509,1150,0,3,85.0,7,13.53
04-11-2020,88910355,950,0,3,70.0,3,13.57
04-11-2020,88308782,1150,0,2,70.0,2,16.43
04-11-2020,88907106,1150,0,3,93.0,7,12.37
04-11-2020,88904792,1000,0,2,55.0,1,18.18
04-11-2020,88904611,1000,0,2,55.0,4,18.18
04-11-2020,82580839,1200,0,2,74.0,3,16.22
04-11-2020,88897934,1050,0,3,73.0,3,14.38
04-11-2020,88891296,1200,0,4,90.0,3,13.33
04-11-2020,88811368,1200,1,3,90.0,11,13.33
04-11-2020,88865667,980,0,2,60.0,2,16.33
04-11-2020,88858340,990,0,3,94.0,8,10.53
04-11-2020,88854175,1070,1,3,80.0,2,13.38
04-11-2020,88853375,1200,0,2,52.0,2,23.08
04-11-2020,88844386,1200,0,3,75.0,6,16.0
04-11-2020,88839217,800,0,3,62.0,2,12.9
04-11-2020,88834661,1200,0,3,80.0,4,15.0
04-11-2020,88830986,1050,0,3,70.0,3,15.0
04-11-2020,88827997,950,0,2,60.0,1,15.83
04-11-2020,88826630,1200,0,2,75.0,1,16.0
04-11-2020,88787257,1200,0,3,75.0,5,16.0
04-11-2020,84255497,950,0,2,51.0,4,18.63
04-11-2020,88780844,1100,0,2,72.0,1,15.28
04-11-2020,88778219,970,1,2,75.0,1,12.93
04-11-2020,88710923,850,1,2,55.0,2,15.45
04-11-2020,88690309,995,0,2,57.0,5,17.46
04-11-2020,40237138,1200,0,2,78.0,6,15.38
04-11-2020,33292017,875,0,2,80.0,3,10.94
04-11-2020,88629205,1100,0,2,70.0,0,15.71
04-11-2020,88627826,1000,0,2,42.0,0,23.81
04-11-2020,86460962,900,0,3,65.0,5,13.85
04-11-2020,88557155,850,0,2,71.0,2,11.97
04-11-2020,88494374,980,0,2,60.0,3,16.33
04-11-2020,88396406,1080,1,2,65.0,0,16.62
04-11-2020,88395876,930,1,2,75.0,2,12.4
04-11-2020,88260335,800,0,3,58.0,4,13.79
04-11-2020,88219046,790,0,2,52.0,0,15.19
04-11-2020,85631410,983,1,2,60.0,5,16.38
04-11-2020,86952278,1199,0,2,65.0,2,18.45
04-11-2020,87752049,850,0,2,48.0,6,17.71
04-11-2020,87944208,1100,0,2,64.0,4,17.19
04-11-2020,87466667,1200,0,4,85.0,1,14.12
04-11-2020,86271455,980,1,3,65.0,1,15.08
04-11-2020,88962843,967,0,2,81.0,1,11.94
04-11-2020,89128335,1190,0,2,70.0,1,17.0
04-11-2020,89128326,1190,0,2,70.0,1,17.0
04-11-2020,89126930,1200,0,3,73.0,1,16.44
04-11-2020,89126818,950,0,2,70.0,5,13.57
04-11-2020,36973139,1200,0,3,70.0,6,17.14
04-11-2020,89098389,1100,0,3,75.0,2,14.67
04-11-2020,89082225,1150,0,2,66.0,1,17.42
04-11-2020,89076709,975,0,2,62.0,3,15.73
04-11-2020,89047644,1150,0,2,61.0,1,18.85
04-11-2020,39345381,1195,0,2,68.0,7,17.57
04-11-2020,89022467,950,0,2,40.0,3,23.75
04-11-2020,89010518,900,0,3,51.0,2,17.65
04-11-2020,88885597,640,0,2,34.0,0,18.82
04-11-2020,88862615,990,0,2,76.0,0,13.03
04-11-2020,88336889,1100,0,2,79.0,0,13.92
04-11-2020,88040956,820,0,3,57.0,4,14.39
04-11-2020,87992800,1020,0,2,56.0,13,18.21
04-11-2020,89133648,805,0,2,57.0,0,14.12
04-11-2020,89007848,1200,0,2,80.0,0,15.0
04-11-2020,88944608,840,0,2,42.0,0,20.0
04-11-2020,88933525,975,0,2,60.0,2,16.25
04-11-2020,88899940,1200,0,3,75.0,10,16.0
04-11-2020,88894938,1190,0,3,73.0,7,16.3
04-11-2020,86578166,1050,0,2,80.0,1,13.12
04-11-2020,85946569,900,0,2,60.0,4,15.0
04-11-2020,89122431,975,0,3,70.0,3,13.93
04-11-2020,89117523,1200,0,2,85.0,6,14.12
04-11-2020,89117317,1050,1,3,65.0,1,16.15
04-11-2020,38244555,950,0,2,48.0,2,19.79
04-11-2020,89077307,1100,0,2,50.0,4,22.0
04-11-2020,89059826,875,0,3,75.0,1,11.67
04-11-2020,89059065,1100,0,2,70.0,2,15.71
04-11-2020,89047519,1100,0,4,80.0,4,13.75
04-11-2020,89023641,1200,0,3,72.0,4,16.67
04-11-2020,89009968,1200,0,2,65.0,5,18.46
04-11-2020,88935362,900,0,2,56.0,0,16.07
04-11-2020,88426743,1100,0,3,65.0,3,16.92
04-11-2020,88429270,1150,0,2,55.0,2,20.91
04-11-2020,89137840,1200,0,4,91.0,7,13.19
04-11-2020,84676712,1000,0,2,42.0,5,23.81
04-11-2020,89130208,805,0,3,46.0,4,17.5
04-11-2020,89037150,900,0,3,75.0,4,12.0
04-11-2020,88986729,1200,0,2,55.0,1,21.82
04-11-2020,39477592,1100,0,2,60.0,1,18.33
04-11-2020,88930985,1000,0,3,68.0,6,14.71
04-11-2020,88927172,995,0,3,65.0,2,15.31
04-11-2020,37619906,1150,1,3,71.0,0,16.2
04-11-2020,88918502,1150,0,3,120.0,0,9.58
04-11-2020,88918087,1100,0,2,71.0,1,15.49
04-11-2020,27556782,825,0,2,56.0,1,14.73
04-11-2020,88909478,1200,0,4,85.0,1,14.12
04-11-2020,88903566,1150,0,3,90.0,4,12.78
04-11-2020,88904640,950,0,3,73.0,1,13.01
04-11-2020,88893127,1200,0,3,62.0,6,19.35
04-11-2020,88885546,1170,0,2,71.0,0,16.48
04-11-2020,88875457,875,0,2,55.0,2,15.91
04-11-2020,88874312,950,0,2,55.0,2,17.27
04-11-2020,88842203,1100,0,3,80.0,0,13.75
04-11-2020,88775223,1200,0,3,90.0,1,13.33
04-11-2020,88748200,895,0,3,48.0,2,18.65
04-11-2020,88736691,885,0,2,57.0,0,15.53
04-11-2020,88719653,1200,0,3,71.0,1,16.9
04-11-2020,88668930,1200,0,3,69.0,4,17.39
04-11-2020,88645102,950,0,3,65.0,0,14.62
04-11-2020,88636601,850,0,2,55.0,5,15.45
04-11-2020,88633233,1200,0,3,58.0,6,20.69
04-11-2020,88607332,1155,0,3,80.0,0,14.44
04-11-2020,32994991,1025,0,3,81.0,0,12.65
04-11-2020,88579033,775,0,2,61.0,0,12.7
04-11-2020,88505366,950,0,2,65.0,3,14.62
04-11-2020,88458138,910,0,2,74.0,0,12.3
04-11-2020,88458106,1100,0,3,101.0,0,10.89
04-11-2020,88457616,1170,0,3,82.0,0,14.27
04-11-2020,88457600,1000,0,3,93.0,0,10.75
04-11-2020,88319966,1000,0,3,60.0,3,16.67
04-11-2020,88314219,700,0,2,34.0,4,20.59
04-11-2020,88246858,1200,0,3,92.0,3,13.04
04-11-2020,88216364,1130,0,3,83.0,0,13.61
04-11-2020,88102881,900,0,2,65.0,1,13.85
04-11-2020,38687138,905,0,2,48.0,4,18.85
04-11-2020,88036319,1200,0,3,66.0,1,18.18
04-11-2020,88002999,1170,0,3,82.0,0,14.27
04-11-2020,88003018,1020,0,4,56.0,2,18.21
04-11-2020,88003016,750,0,2,61.0,2,12.3
04-11-2020,88003015,895,0,3,69.0,0,12.97
04-11-2020,87763997,990,0,4,77.0,2,12.86
04-11-2020,87595506,1100,0,4,89.0,6,12.36
04-11-2020,89144464,1100,0,2,70.0,5,15.71
04-11-2020,89130402,1150,1,3,70.0,1,16.43
04-11-2020,89117331,990,0,2,63.0,3,15.71
04-11-2020,85622140,900,0,2,58.0,0,15.52
04-11-2020,89078538,1100,0,3,70.0,2,15.71
04-11-2020,89020109,800,0,2,97.0,0,8.25
04-11-2020,89009455,1100,0,2,51.0,6,21.57
04-11-2020,89008338,1200,1,2,75.0,2,16.0
04-11-2020,89004385,1050,0,2,60.0,3,17.5
04-11-2020,88952090,1100,0,3,74.0,2,14.86
04-11-2020,88943899,930,0,2,65.0,4,14.31
04-11-2020,88932165,975,0,2,72.0,4,13.54
04-11-2020,88922876,895,0,2,75.0,0,11.93
04-11-2020,88917871,1050,0,3,100.0,1,10.5
04-11-2020,88913226,1150,0,2,72.0,1,15.97
04-11-2020,88913034,1200,0,2,58.0,5,20.69
04-11-2020,88912948,930,0,2,67.0,4,13.88
04-11-2020,82813770,1050,0,2,65.0,1,16.15
04-11-2020,39515587,1200,0,2,73.0,3,16.44
04-11-2020,88892876,950,0,4,92.0,2,10.33
04-11-2020,36057035,990,0,2,50.0,2,19.8
04-11-2020,88872058,900,0,3,80.0,2,11.25
04-11-2020,88854642,1100,0,4,95.0,3,11.58
04-11-2020,35739430,1200,0,2,79.0,6,15.19
04-11-2020,88809147,1200,0,2,75.0,0,16.0
04-11-2020,88799122,875,0,2,60.0,0,14.58
04-11-2020,88777677,1200,0,2,80.0,4,15.0
04-11-2020,85238928,1180,0,2,96.0,2,12.29
04-11-2020,88769218,1200,0,2,62.0,3,19.35
04-11-2020,88605310,895,0,2,51.0,6,17.55
04-11-2020,88537095,1195,0,2,98.0,2,12.19
04-11-2020,88532783,1200,1,3,90.0,3,13.33
04-11-2020,88449157,1000,1,3,75.0,1,13.33
04-11-2020,1509845,1200,0,2,80.0,2,15.0
04-11-2020,37003466,1050,0,2,57.0,5,18.42
04-11-2020,88396166,785,0,2,45.0,5,17.44
04-11-2020,88210526,880,0,2,73.0,2,12.05
04-11-2020,88063122,800,0,3,79.0,1,10.13
04-11-2020,87955359,1200,0,2,72.0,2,16.67
04-11-2020,87676858,1100,0,2,60.0,1,18.33
04-11-2020,87676266,1200,0,2,66.0,1,18.18
04-11-2020,86268007,1095,0,2,72.0,4,15.21
04-11-2020,83306745,1150,0,2,70.0,0,16.43
04-11-2020,89108136,900,0,3,65.0,0,13.85
04-11-2020,89096530,949,0,3,70.0,7,13.56
04-11-2020,39028689,1100,0,2,60.0,2,18.33
04-11-2020,35906904,1100,0,2,65.0,4,16.92
04-11-2020,38369478,1150,0,3,110.0,0,10.45
04-11-2020,30241877,1200,0,4,140.0,1,8.57
04-11-2020,89033298,1200,0,3,65.0,3,18.46
04-11-2020,89024195,1100,0,3,87.0,2,12.64
04-11-2020,89022523,1200,0,3,82.0,4,14.63
04-11-2020,89021816,1150,0,3,75.0,1,15.33
04-11-2020,89020997,1150,0,3,104.0,4,11.06
04-11-2020,89006647,1000,0,3,72.0,3,13.89
04-11-2020,88999896,925,0,3,82.0,1,11.28
04-11-2020,88990278,1100,0,3,88.0,4,12.5
04-11-2020,88983089,1200,0,3,70.0,0,17.14
04-11-2020,88923769,1050,0,3,79.0,1,13.29
04-11-2020,88917885,1190,0,3,85.0,7,14.0
04-11-2020,88913316,1100,0,2,80.0,0,13.75
04-11-2020,81834083,925,0,2,60.0,3,15.42
04-11-2020,88878872,1150,0,2,70.0,3,16.43
04-11-2020,88634832,1200,0,3,83.0,2,14.46
04-11-2020,88627748,1000,0,2,70.0,2,14.29
04-11-2020,88554847,900,0,2,90.0,3,10.0
04-11-2020,39345464,995,0,2,49.0,2,20.31
04-11-2020,39997202,1150,0,3,90.0,6,12.78
04-11-2020,88423090,1000,0,2,75.0,0,13.33
04-11-2020,88370362,1150,0,2,65.0,2,17.69
04-11-2020,88062292,1150,0,2,64.0,1,17.97
04-11-2020,87973252,1200,0,2,57.0,4,21.05
04-11-2020,87835402,1050,0,3,74.0,5,14.19
04-11-2020,89100813,900,0,2,75.0,1,12.0
04-11-2020,89028968,1100,0,3,90.0,1,12.22
04-11-2020,89147693,850,0,2,66.0,1,12.88
04-11-2020,85149760,995,0,3,67.0,3,14.85
04-11-2020,88995867,1000,0,2,60.0,2,16.67
04-11-2020,88995556,995,0,2,95.0,0,10.47
04-11-2020,88963362,1100,0,3,80.0,0,13.75
04-11-2020,88938837,950,0,2,50.0,3,19.0
04-11-2020,88923322,990,0,3,77.0,1,12.86
04-11-2020,88923319,890,1,2,68.0,3,13.09
04-11-2020,88915166,1125,1,2,71.0,1,15.85
04-11-2020,88856396,800,0,2,57.0,0,14.04
04-11-2020,88709917,1200,0,3,65.0,3,18.46
04-11-2020,88605206,1200,0,3,79.0,1,15.19
04-11-2020,88599482,830,0,2,58.0,1,14.31
04-11-2020,88591814,1175,0,3,72.0,1,16.32
04-11-2020,37192608,915,0,2,58.0,3,15.78
04-11-2020,88077789,1020,0,3,97.0,3,10.52
04-11-2020,88352186,945,0,3,69.0,6,13.7
04-11-2020,88210117,1050,0,2,83.0,4,12.65
04-11-2020,88078896,1100,0,4,80.0,3,13.75
04-11-2020,87466446,890,0,3,59.0,2,15.08
04-11-2020,87254550,997,0,2,77.0,4,12.95
04-11-2020,87099800,950,0,3,81.0,9,11.73
04-11-2020,89147596,650,0,2,40.0,1,16.25
04-11-2020,89138541,1100,0,2,50.0,2,22.0
04-11-2020,88539993,895,0,2,45.0,0,19.89
04-11-2020,89126912,1200,0,2,70.0,3,17.14
04-11-2020,89122623,1150,0,3,80.0,6,14.38
04-11-2020,89095047,1190,0,2,89.0,0,13.37
04-11-2020,38952746,1100,0,2,67.0,3,16.42
04-11-2020,85020379,1200,0,3,60.0,1,20.0
04-11-2020,31850011,1000,0,2,60.0,5,16.67
04-11-2020,89066500,1075,0,2,68.0,5,15.81
04-11-2020,84732919,950,0,2,35.0,4,27.14
04-11-2020,89056428,1200,0,2,59.0,1,20.34
04-11-2020,85424780,1190,0,2,80.0,1,14.88
04-11-2020,83800815,1195,0,2,65.0,6,18.38
04-11-2020,89029542,1050,0,2,65.0,2,16.15
04-11-2020,89026521,975,0,2,60.0,2,16.25
04-11-2020,89011237,1000,0,3,96.0,2,10.42
04-11-2020,89010101,950,0,3,70.0,1,13.57
04-11-2020,84954469,1050,0,2,75.0,0,14.0
04-11-2020,89001377,1200,0,3,67.0,1,17.91
04-11-2020,88999277,1200,1,4,100.0,3,12.0
04-11-2020,88981355,1100,0,2,85.0,4,12.94
04-11-2020,88972939,1100,0,3,69.0,0,15.94
04-11-2020,88971288,1200,0,3,100.0,2,12.0
04-11-2020,88719808,1050,0,3,87.0,1,12.07
04-11-2020,88841938,1100,0,3,65.0,3,16.92
04-11-2020,88800609,1150,0,3,83.0,6,13.86
04-11-2020,88790942,1000,0,2,83.0,1,12.05
04-11-2020,88640995,1100,0,2,79.0,0,13.92
04-11-2020,88607435,1100,0,2,75.0,0,14.67
04-11-2020,89107450,1000,0,2,70.0,2,14.29
04-11-2020,89090234,1150,0,2,70.0,5,16.43
04-11-2020,89034973,780,0,2,57.0,4,13.68
04-11-2020,89032053,800,0,3,82.0,1,9.76
04-11-2020,89023730,950,0,3,60.0,2,15.83
04-11-2020,89020016,925,0,3,72.0,1,12.85
04-11-2020,88979287,1090,0,2,72.0,1,15.14
04-11-2020,88959175,980,0,2,75.0,5,13.07
04-11-2020,88912275,1100,0,3,80.0,0,13.75
04-11-2020,88894935,850,0,2,50.0,1,17.0
04-11-2020,38788038,1100,0,2,50.0,1,22.0
04-11-2020,88879621,1200,0,2,65.0,1,18.46
04-11-2020,88192608,755,0,3,62.0,0,12.18
04-11-2020,36168905,1155,0,2,65.0,2,17.77
04-11-2020,88731111,1000,0,3,75.0,0,13.33
04-11-2020,88698543,770,0,2,40.0,0,19.25
04-11-2020,40145206,1200,0,3,81.0,0,14.81
04-11-2020,81927388,1100,0,3,68.0,3,16.18
04-11-2020,88493025,1070,1,2,70.0,2,15.29
04-11-2020,88464086,1100,0,3,70.0,1,15.71
04-11-2020,88327495,1050,0,3,85.0,1,12.35
04-11-2020,87772440,1100,0,2,67.0,1,16.42
04-11-2020,89116300,1100,0,3,80.0,0,13.75
04-11-2020,89112330,915,0,2,86.0,2,10.64
04-11-2020,89094252,975,0,2,55.0,1,17.73
04-11-2020,88472876,1150,0,2,60.0,3,19.17
04-11-2020,39992637,1200,0,2,74.0,1,16.22
04-11-2020,89075424,900,0,3,62.0,4,14.52
04-11-2020,89051199,950,0,2,63.0,2,15.08
04-11-2020,89033032,990,0,2,65.0,3,15.23
04-11-2020,89020038,850,0,2,55.0,6,15.45
04-11-2020,89018638,1000,0,2,65.0,3,15.38
04-11-2020,89010558,1100,0,3,80.0,0,13.75
04-11-2020,89008257,1100,0,3,100.0,1,11.0
04-11-2020,89004893,900,0,2,52.0,2,17.31
04-11-2020,88998995,1100,1,3,80.0,1,13.75
04-11-2020,88994406,1150,0,3,70.0,4,16.43
04-11-2020,88994122,950,0,2,70.0,4,13.57
04-11-2020,88987279,1200,0,3,85.0,6,14.12
04-11-2020,88971169,850,0,2,55.0,2,15.45
04-11-2020,88967665,1000,0,3,80.0,0,12.5
04-11-2020,88912562,1000,0,2,69.0,0,14.49
04-11-2020,88966426,1100,0,3,82.0,1,13.41
04-11-2020,88965238,1100,1,2,65.0,1,16.92
04-11-2020,88965041,820,0,3,55.0,2,14.91
04-11-2020,88963655,1000,0,2,70.0,2,14.29
04-11-2020,88958073,1200,0,2,78.0,0,15.38
04-11-2020,88944760,1150,0,2,66.0,3,17.42
04-11-2020,88942700,1150,0,2,70.0,1,16.43
04-11-2020,88936903,1200,0,2,90.0,6,13.33
04-11-2020,32994329,800,1,2,57.0,2,14.04
04-11-2020,88914107,930,0,3,49.0,4,18.98
04-11-2020,88905793,1200,0,2,70.0,3,17.14
04-11-2020,88900395,800,0,2,63.0,3,12.7
04-11-2020,39230460,1200,0,2,83.0,5,14.46
04-11-2020,88868580,1200,0,3,91.0,1,13.19
04-11-2020,88781275,1200,0,4,98.0,0,12.24
04-11-2020,85771300,1150,0,4,97.0,0,11.86
04-11-2020,88758338,1075,0,4,78.0,5,13.78
04-11-2020,37937381,900,0,2,70.0,0,12.86
04-11-2020,30672707,1100,0,3,80.0,0,13.75
04-11-2020,88718487,1200,0,2,85.0,2,14.12
04-11-2020,88656019,1190,0,2,93.0,2,12.8
04-11-2020,88636726,950,0,3,64.0,2,14.84
04-11-2020,88630459,1200,0,2,58.0,8,20.69
04-11-2020,88627510,1200,0,3,92.0,2,13.04
04-11-2020,88623505,740,0,2,40.0,3,18.5
04-11-2020,31971079,1200,0,2,80.0,3,15.0
04-11-2020,85973301,1200,0,2,100.0,1,12.0
04-11-2020,88588021,1100,0,3,80.0,3,13.75
04-11-2020,36045095,775,0,2,40.0,2,19.38
04-11-2020,88502014,950,0,3,78.0,1,12.18
04-11-2020,88475870,1200,0,3,98.0,2,12.24
04-11-2020,88425132,1200,0,2,70.0,0,17.14
04-11-2020,88392370,1150,0,3,80.0,3,14.38
04-11-2020,82980456,1200,0,3,125.0,2,9.6
04-11-2020,88335293,850,0,2,56.0,2,15.18
04-11-2020,88096053,750,0,2,65.0,1,11.54
04-11-2020,88033387,965,0,3,75.0,1,12.87
04-11-2020,87861786,990,0,2,74.0,0,13.38
04-11-2020,87799848,1190,1,2,49.0,3,24.29
04-11-2020,82176081,1200,0,2,65.0,4,18.46
04-11-2020,86350061,1190,0,3,70.0,2,17.0
04-11-2020,89147465,1150,0,2,67.0,3,17.16
04-11-2020,89142576,1200,0,2,100.0,2,12.0
04-11-2020,89126639,1195,0,2,60.0,2,19.92
04-11-2020,89059067,1100,0,2,75.0,1,14.67
04-11-2020,89029862,1200,1,2,66.0,0,18.18
04-11-2020,89018732,1000,0,3,80.0,2,12.5
04-11-2020,89011593,750,0,2,50.0,0,15.0
04-11-2020,88986748,975,0,2,85.0,3,11.47
04-11-2020,81504406,1080,0,2,98.0,4,11.02
04-11-2020,88872754,950,0,2,50.0,3,19.0
04-11-2020,88848374,1190,0,2,76.0,1,15.66
04-11-2020,88663952,1000,0,3,77.0,1,12.99
04-11-2020,89131787,875,0,2,54.0,2,16.2
04-11-2020,89105326,875,0,2,52.0,1,16.83
04-11-2020,89104910,925,0,3,75.0,6,12.33
04-11-2020,89094876,1050,0,2,52.0,1,20.19
04-11-2020,89084477,900,0,2,50.0,3,18.0
04-11-2020,89077894,950,0,2,50.0,3,19.0
04-11-2020,89077889,1200,0,2,87.0,0,13.79
04-11-2020,89027013,1150,0,3,66.0,2,17.42
04-11-2020,89025326,850,0,3,50.0,5,17.0
04-11-2020,89005954,850,0,3,55.0,2,15.45
04-11-2020,89003438,1200,0,2,75.0,4,16.0
04-11-2020,88944599,1080,0,2,48.0,0,22.5
04-11-2020,88907169,1050,0,2,91.0,4,11.54
04-11-2020,88885627,1010,0,4,83.0,0,12.17
04-11-2020,88885554,935,0,2,65.0,0,14.38
04-11-2020,88885551,895,0,2,50.0,0,17.9
04-11-2020,88885549,755,0,2,31.0,0,24.35
04-11-2020,88885534,775,0,3,57.0,0,13.6
04-11-2020,88844828,1200,0,2,72.0,1,16.67
04-11-2020,88783688,915,0,2,58.0,0,15.78
04-11-2020,88783684,945,0,3,68.0,0,13.9
04-11-2020,88457504,1030,0,4,52.0,0,19.81
04-11-2020,89148220,1200,0,4,90.0,1,13.33
04-11-2020,89138185,950,0,2,60.0,4,15.83
04-11-2020,89122858,1200,0,4,93.0,7,12.9
04-11-2020,89117993,1200,0,4,85.0,4,14.12
04-11-2020,89103254,850,0,2,51.0,2,16.67
04-11-2020,89099255,1150,0,3,85.0,1,13.53
04-11-2020,89064978,1200,0,2,61.0,4,19.67
04-11-2020,89025204,1000,0,3,60.0,3,16.67
04-11-2020,27356707,920,0,4,88.0,0,10.45
04-11-2020,89003147,750,0,3,75.0,3,10.0
04-11-2020,88995797,1200,0,4,85.0,4,14.12
04-11-2020,86274167,990,0,2,60.0,2,16.5
04-11-2020,88977468,900,0,2,60.0,5,15.0
04-11-2020,88964628,760,0,2,50.0,3,15.2
04-11-2020,88964156,900,0,3,78.0,1,11.54
04-11-2020,88957592,1000,0,3,70.0,2,14.29
04-11-2020,28768364,850,0,2,70.0,0,12.14
04-11-2020,88927921,1025,0,2,80.0,1,12.81
04-11-2020,88022115,1200,0,3,70.0,4,17.14
04-11-2020,88915224,1050,0,2,67.0,3,15.67
04-11-2020,82132268,790,0,2,80.0,3,9.88
04-11-2020,87851360,1200,0,2,65.0,4,18.46
04-11-2020,88869779,1033,0,2,70.0,3,14.76
04-11-2020,39241790,1095,0,2,60.0,0,18.25
04-11-2020,81530053,1050,0,2,70.0,2,15.0
04-11-2020,39347958,1050,0,2,44.0,0,23.86
04-11-2020,83696988,945,0,2,45.0,0,21.0
04-11-2020,88833702,1150,0,3,90.0,2,12.78
04-11-2020,88809825,1100,1,3,80.0,5,13.75
04-11-2020,88740511,1050,1,2,90.0,4,11.67
04-11-2020,40412130,1150,0,2,60.0,4,19.17
04-11-2020,81524056,975,0,3,71.0,3,13.73
04-11-2020,88659274,1200,0,2,81.0,2,14.81
04-11-2020,88640106,1190,0,3,78.0,5,15.26
04-11-2020,84653125,1200,0,2,80.0,0,15.0
04-11-2020,85178777,1150,0,2,70.0,3,16.43
04-11-2020,40213571,975,0,2,55.0,1,17.73
04-11-2020,82025607,1095,0,2,45.0,3,24.33
04-11-2020,82789587,1000,0,2,75.0,0,13.33
04-11-2020,85961030,1025,0,2,64.0,2,16.02
04-11-2020,88334898,975,0,3,66.0,2,14.77
04-11-2020,87733289,1033,1,2,50.0,2,20.66
04-11-2020,87890822,940,0,3,85.0,0,11.06
04-11-2020,39062156,1200,0,2,65.0,3,18.46
04-11-2020,87268263,940,0,2,60.0,1,15.67
04-11-2020,84085456,1100,0,2,50.0,3,22.0
04-11-2020,82747787,1100,0,3,80.0,6,13.75
04-11-2020,86952281,1199,0,2,60.0,2,19.98
04-11-2020,85251047,1033,0,2,48.0,1,21.52
04-11-2020,82946172,1050,0,2,75.0,1,14.0
04-11-2020,31424910,1200,0,2,65.0,4,18.46
04-11-2020,83851355,1000,0,2,60.0,2,16.67
04-11-2020,89109366,1100,0,2,69.0,2,15.94
04-11-2020,89091738,700,0,2,55.0,1,12.73
04-11-2020,89082878,1100,0,2,51.0,4,21.57
04-11-2020,85619229,1100,0,3,68.0,2,16.18
04-11-2020,89016023,1000,0,2,66.0,2,15.15
04-11-2020,88992223,1200,0,4,125.0,2,9.6
04-11-2020,88944536,850,0,3,65.0,1,13.08
04-11-2020,88936996,1050,0,3,89.0,1,11.8
04-11-2020,88915512,945,0,2,62.0,2,15.24
04-11-2020,87474637,1100,0,3,65.0,4,16.92
04-11-2020,88856181,1200,0,3,80.0,0,15.0
04-11-2020,88854539,1050,0,3,70.0,4,15.0
04-11-2020,88831168,1200,0,2,54.0,0,22.22
04-11-2020,88831005,1200,0,2,54.0,0,22.22
04-11-2020,88830950,1200,0,2,54.0,0,22.22
04-11-2020,88786547,850,0,3,56.0,3,15.18
04-11-2020,88458124,965,0,3,75.0,0,12.87
04-11-2020,88457604,1020,0,3,96.0,0,10.62
04-11-2020,88457596,820,0,3,52.0,0,15.77
04-11-2020,88434017,1100,0,2,75.0,1,14.67
04-11-2020,87870770,1200,0,2,75.0,7,16.0
04-11-2020,88395551,975,0,3,90.0,7,10.83
04-11-2020,89089806,850,0,2,65.0,0,13.08
04-11-2020,89088356,930,0,3,70.0,0,13.29
04-11-2020,85143998,1100,1,3,102.0,4,10.78
04-11-2020,89060740,925,0,2,49.0,0,18.88
04-11-2020,89047118,930,0,3,75.0,0,12.4
04-11-2020,89046260,925,0,3,76.0,3,12.17
04-11-2020,89013889,1150,0,4,93.0,1,12.37
04-11-2020,89013883,1200,0,3,84.0,1,14.29
04-11-2020,88994662,1000,0,3,65.0,1,15.38
04-11-2020,88927177,755,0,3,62.0,0,12.18
04-11-2020,88922016,830,0,3,69.0,0,12.03
04-11-2020,88914821,870,0,2,39.0,1,22.31
04-11-2020,88914116,800,0,3,67.0,3,11.94
04-11-2020,88903061,980,0,3,69.0,2,14.2
04-11-2020,88848376,1100,0,3,61.0,0,18.03
04-11-2020,88822572,1000,0,2,54.0,0,18.52
04-11-2020,88765739,1090,0,3,86.0,1,12.67
04-11-2020,88707294,940,0,2,57.0,0,16.49
04-11-2020,88663996,1050,0,2,55.0,5,19.09
04-11-2020,28271465,1100,0,3,100.0,1,11.0
04-11-2020,88593461,1000,0,2,46.0,5,21.74
04-11-2020,88593151,750,0,2,45.0,0,16.67
04-11-2020,88586225,1090,0,3,86.0,1,12.67
04-11-2020,88552586,895,0,3,,0,14.92
04-11-2020,88546072,1180,0,3,80.0,4,14.75
04-11-2020,1352260,1190,0,2,65.0,3,18.31
04-11-2020,88153198,825,0,2,45.0,3,18.33
04-11-2020,88153180,825,0,2,45.0,1,18.33
04-11-2020,88121070,1150,0,2,69.0,0,16.67
04-11-2020,87927634,875,0,2,58.0,1,15.09
04-11-2020,89126852,950,0,2,65.0,1,14.62
04-11-2020,89047204,890,0,3,49.0,0,18.16
04-11-2020,87248335,1000,0,2,50.0,0,20.0
04-11-2020,87248451,1000,0,2,50.0,1,20.0
04-11-2020,87248743,1000,0,2,50.0,0,20.0
04-11-2020,89023976,850,0,2,42.0,6,20.24
04-11-2020,88990682,990,0,2,58.0,2,17.07
04-11-2020,88980730,1000,0,2,60.0,3,16.67
04-11-2020,88894744,900,0,2,65.0,5,13.85
04-11-2020,88523037,800,0,2,45.0,1,17.78
04-11-2020,88428832,1075,0,2,73.0,1,14.73
04-11-2020,88413929,1100,0,2,100.0,5,11.0
04-11-2020,1453947,1150,0,3,75.0,6,15.33
04-11-2020,88107767,775,0,2,65.0,0,11.92
04-11-2020,87607081,1200,0,3,70.0,6,17.14
04-11-2020,87410700,1200,0,3,80.0,1,15.0
04-11-2020,89144397,799,0,2,55.0,3,14.53
04-11-2020,89144291,850,0,3,80.0,7,10.62
04-11-2020,89109856,950,0,2,80.0,3,11.88
04-11-2020,89029878,1100,0,2,60.0,4,18.33
04-11-2020,88990576,850,0,2,56.0,1,15.18
04-11-2020,88968052,1150,0,2,58.0,3,19.83
04-11-2020,88967853,1200,0,2,60.0,0,20.0
04-11-2020,88958990,1200,0,2,85.0,6,14.12
04-11-2020,88957275,1200,0,3,70.0,4,17.14
04-11-2020,88917474,1035,0,4,71.0,0,14.58
04-11-2020,88885553,1010,0,2,56.0,0,18.04
04-11-2020,88862623,1120,0,3,70.0,0,16.0
04-11-2020,34242832,1035,0,3,57.0,0,18.16
04-11-2020,88772135,1200,0,2,45.0,0,26.67
04-11-2020,88742781,1025,0,2,53.0,4,19.34
04-11-2020,1934074,975,0,2,60.0,2,16.25
04-11-2020,88458765,1185,0,3,59.0,0,20.08
04-11-2020,88458756,1080,0,3,65.0,0,16.62
04-11-2020,88458458,1170,0,2,67.0,0,17.46
04-11-2020,88458146,750,0,2,61.0,0,12.3
04-11-2020,88458096,1020,0,4,79.0,0,12.91
04-11-2020,88458084,1050,0,2,80.0,0,13.12
04-11-2020,88458076,1100,0,3,79.0,0,13.92
04-11-2020,88458071,895,0,3,69.0,0,12.97
04-11-2020,88457764,825,0,2,62.0,0,13.31
04-11-2020,88457641,895,0,3,69.0,0,12.97
04-11-2020,88457637,1105,0,2,79.0,0,13.99
04-11-2020,88457619,945,0,2,71.0,0,13.31
04-11-2020,88457599,1155,0,2,64.0,0,18.05
04-11-2020,88457492,1040,0,3,102.0,0,10.2
04-11-2020,88457383,1125,0,2,68.0,0,16.54
04-11-2020,88457381,1105,0,4,77.0,0,14.35
04-11-2020,88457391,905,0,2,54.0,0,16.76
04-11-2020,88457376,800,0,2,46.0,0,17.39
04-11-2020,88206623,1100,0,2,45.0,5,24.44
04-11-2020,87733290,1033,1,2,70.0,1,14.76
04-11-2020,88033031,750,0,2,61.0,2,12.3
04-11-2020,88004187,895,0,3,69.0,3,12.97
04-11-2020,87921129,800,0,2,75.0,0,10.67
04-11-2020,87253319,1200,0,2,55.0,0,21.82
04-11-2020,89131074,1035,0,4,77.0,0,13.44
04-11-2020,40237072,925,0,3,90.0,3,10.28
04-11-2020,89123004,990,0,2,68.0,0,14.56
04-11-2020,89115744,750,0,3,62.0,2,12.1
04-11-2020,89101323,1200,0,2,60.0,1,20.0
04-11-2020,83038475,1100,0,2,70.0,1,15.71
04-11-2020,86516570,1200,0,2,68.0,0,17.65
04-11-2020,89021289,870,0,2,69.0,1,12.61
04-11-2020,89021288,1095,0,3,82.0,1,13.35
04-11-2020,89018009,1100,0,4,100.0,2,11.0
04-11-2020,89011424,935,0,2,58.0,0,16.12
04-11-2020,89011423,945,0,3,62.0,2,15.24
04-11-2020,89011118,1050,0,3,88.0,5,11.93
04-11-2020,88998988,990,0,2,60.0,2,16.5
04-11-2020,88980653,950,0,2,60.0,7,15.83
04-11-2020,83018317,1200,0,2,51.0,2,23.53
04-11-2020,88974940,790,0,2,50.0,4,15.8
04-11-2020,38968223,875,0,3,63.0,3,13.89
04-11-2020,88962502,1200,0,4,77.0,4,15.58
04-11-2020,88960342,875,0,3,63.0,1,13.89
04-11-2020,88951752,1200,0,3,86.0,3,13.95
04-11-2020,82592013,850,0,2,51.0,3,16.67
04-11-2020,88937224,900,0,3,70.0,0,12.86
04-11-2020,88936063,1050,0,2,57.0,5,18.42
04-11-2020,88933143,1190,0,3,79.0,4,15.06
04-11-2020,88916891,825,0,2,60.0,2,13.75
04-11-2020,88912212,1100,0,2,66.0,1,16.67
04-11-2020,31371769,1100,0,2,80.0,2,13.75
04-11-2020,88890493,1050,0,3,60.0,3,17.5
04-11-2020,82048814,1200,0,2,55.0,2,21.82
04-11-2020,88811988,950,0,2,50.0,6,19.0
04-11-2020,88872615,955,1,4,77.0,2,12.4
04-11-2020,88857290,1200,0,4,82.0,3,14.63
04-11-2020,88835012,1000,0,2,70.0,2,14.29
04-11-2020,88838236,1150,0,3,86.0,1,13.37
04-11-2020,88837312,800,0,3,75.0,3,10.67
04-11-2020,88827709,725,0,2,50.0,1,14.5
04-11-2020,88823476,1200,0,4,85.0,1,14.12
04-11-2020,88803506,1100,0,3,80.0,0,13.75
04-11-2020,88774785,900,0,3,75.0,1,12.0
04-11-2020,88744331,1200,0,2,62.0,3,19.35
04-11-2020,88691291,1175,0,2,71.0,3,16.55
04-11-2020,88689759,1200,0,3,80.0,8,15.0
04-11-2020,88650997,1100,0,3,75.0,2,14.67
04-11-2020,88637118,975,0,2,72.0,4,13.54
04-11-2020,88622165,1150,0,2,65.0,2,17.69
04-11-2020,88581354,825,0,2,52.0,2,15.87
04-11-2020,84284962,900,0,2,50.0,4,18.0
04-11-2020,88380593,1100,0,2,85.0,2,12.94
04-11-2020,88215448,1200,0,2,52.0,4,23.08
04-11-2020,88146298,1100,0,2,75.0,7,14.67
04-11-2020,88009500,850,0,2,65.0,0,13.08
04-11-2020,87638293,1200,0,2,52.0,4,23.08
04-11-2020,82389369,1050,0,2,81.0,3,12.96
04-11-2020,86777853,1200,0,2,70.0,2,17.14
04-11-2020,89151425,950,0,2,50.0,1,19.0
04-11-2020,89139122,900,0,2,70.0,2,12.86
04-11-2020,89118666,1200,0,3,73.0,1,16.44
04-11-2020,89096447,1050,1,2,60.0,4,17.5
04-11-2020,89080676,1100,0,3,88.0,4,12.5
04-11-2020,35806322,1180,1,2,49.0,2,24.08
04-11-2020,89030125,950,0,2,50.0,2,19.0
04-11-2020,887242,1000,0,2,63.0,2,15.87
04-11-2020,89021508,800,0,2,79.0,1,10.13
04-11-2020,89010226,800,0,2,61.0,0,13.11
04-11-2020,89002159,1200,0,2,55.0,5,21.82
04-11-2020,87144105,950,0,3,53.0,1,17.92
04-11-2020,88975163,1200,0,3,70.0,4,17.14
04-11-2020,81529653,1100,0,2,75.0,1,14.67
04-11-2020,88960394,1000,0,2,60.0,1,16.67
04-11-2020,88901096,1200,0,3,88.0,2,13.64
04-11-2020,88881350,1150,0,2,65.0,0,17.69
04-11-2020,88849758,1190,0,3,80.0,6,14.88
04-11-2020,88831387,1175,0,3,79.0,0,14.87
04-11-2020,88794009,1150,0,3,110.0,2,10.45
04-11-2020,88763017,1200,0,3,100.0,3,12.0
04-11-2020,88563903,850,0,2,75.0,3,11.33
04-11-2020,87916762,895,0,2,53.0,2,16.89
04-11-2020,88397940,1100,0,3,83.0,2,13.25
04-11-2020,30092444,1190,0,2,89.0,0,13.37
04-11-2020,88044438,1100,0,3,65.0,3,16.92
04-11-2020,87920173,1200,0,4,109.0,0,11.01
04-11-2020,87662628,1200,1,3,91.0,2,13.19
04-11-2020,84838998,1200,0,2,100.0,4,12.0
04-11-2020,86623603,995,0,2,60.0,4,16.58
04-11-2020,86809787,920,0,3,55.0,1,16.73
04-11-2020,89132123,1000,0,2,56.0,2,17.86
04-11-2020,87852092,1200,0,2,70.0,0,17.14
04-11-2020,89084820,1000,0,2,65.0,4,15.38
04-11-2020,36315810,1200,0,2,58.0,2,20.69
04-11-2020,88975471,1150,0,3,90.0,4,12.78
04-11-2020,88941851,1199,0,3,78.0,8,15.37
04-11-2020,88907112,980,0,3,95.0,0,10.32
04-11-2020,88904807,1000,0,2,60.0,0,16.67
04-11-2020,88857450,990,0,2,50.0,3,19.8
04-11-2020,88853165,1100,0,2,75.0,1,14.67
04-11-2020,88850222,1035,0,3,65.0,0,15.92
04-11-2020,88841384,945,0,2,71.0,1,13.31
04-11-2020,88662322,910,0,2,76.0,1,11.97
04-11-2020,88641010,870,0,2,50.0,1,17.4
04-11-2020,88821384,885,0,2,60.0,2,14.75
04-11-2020,88800778,1100,0,2,128.0,0,8.59
04-11-2020,34756423,1060,0,3,66.0,0,16.06
04-11-2020,88716529,1200,0,2,57.0,5,21.05
04-11-2020,88635623,830,0,2,60.0,1,13.83
04-11-2020,88667037,1070,0,2,85.0,0,12.59
04-11-2020,88666488,1020,0,4,83.0,2,12.29
04-11-2020,88526929,790,0,2,56.0,1,14.11
04-11-2020,88481727,1150,0,4,78.0,3,14.74
04-11-2020,88458122,1130,0,3,83.0,0,13.61
04-11-2020,88457643,925,0,3,68.0,0,13.6
04-11-2020,88219560,920,0,2,40.0,3,23.0
04-11-2020,84301076,895,0,3,61.0,2,14.67
04-11-2020,88179057,875,0,2,64.0,1,13.67
04-11-2020,88008759,965,0,3,75.0,1,12.87
04-11-2020,87997739,895,0,3,69.0,1,12.97
04-11-2020,87996609,1190,0,3,62.0,2,19.19
04-11-2020,87359145,930,0,3,83.0,3,11.2
04-11-2020,87345371,775,0,2,45.0,3,17.22
04-11-2020,89117234,1000,0,4,92.0,3,10.87
04-11-2020,37281078,1150,0,4,80.0,1,14.38
04-11-2020,89044215,950,0,3,78.0,10,12.18
04-11-2020,89021500,900,0,2,73.0,3,12.33
04-11-2020,88996042,1150,0,2,71.0,1,16.2
04-11-2020,88973494,750,0,2,54.0,3,13.89
04-11-2020,88978086,750,0,2,39.0,4,19.23
04-11-2020,88973517,850,0,2,45.0,3,18.89
04-11-2020,34834168,850,0,2,38.0,3,22.37
04-11-2020,88762862,1200,0,2,52.0,4,23.08
04-11-2020,88758135,1150,0,3,88.0,1,13.07
04-11-2020,88506438,1200,0,4,91.0,6,13.19
04-11-2020,88458763,830,0,2,45.0,0,18.44
04-11-2020,88458405,1175,0,2,65.0,0,18.08
04-11-2020,88458151,1020,0,4,56.0,0,18.21
04-11-2020,88324601,990,0,3,95.0,3,10.42
04-11-2020,88216601,970,0,2,61.0,1,15.9
04-11-2020,32404938,1150,0,2,60.0,1,19.17
04-11-2020,87977506,850,0,2,50.0,3,17.0
04-11-2020,86821357,975,0,2,62.0,4,15.73
04-11-2020,89126443,1100,0,2,60.0,5,18.33
04-11-2020,82018035,975,0,2,75.0,1,13.0
04-11-2020,89076370,1200,0,2,80.0,3,15.0
04-11-2020,89065311,1000,0,2,55.0,4,18.18
04-11-2020,82976863,1200,0,2,44.0,2,27.27
04-11-2020,89044411,1200,0,3,65.0,1,18.46
04-11-2020,89035782,1100,0,3,70.0,2,15.71
04-11-2020,89009757,990,0,2,55.0,2,18.0
04-11-2020,88975151,1050,0,3,64.0,0,16.41
04-11-2020,88829602,1200,0,3,83.0,6,14.46
04-11-2020,88931958,755,0,3,62.0,0,12.18
04-11-2020,88907281,1180,0,2,78.0,0,15.13
04-11-2020,88901360,775,0,3,57.0,1,13.6
04-11-2020,88836716,950,0,2,65.0,3,14.62
04-11-2020,82079669,1000,0,3,75.0,5,13.33
04-11-2020,88815651,950,0,4,66.0,1,14.39
04-11-2020,88810022,880,0,3,75.0,0,11.73
04-11-2020,88666710,1030,0,3,55.0,0,18.73
04-11-2020,88670089,900,0,2,60.0,4,15.0
04-11-2020,88665903,1000,0,2,50.0,1,20.0
04-11-2020,88637383,1200,0,2,65.0,0,18.46
04-11-2020,88568260,1100,0,3,71.0,8,15.49
04-11-2020,84781042,1100,0,2,40.0,1,27.5
04-11-2020,85185023,975,0,2,50.0,1,19.5
04-11-2020,88398585,1050,0,3,85.0,4,12.35
04-11-2020,88277158,1150,0,2,74.0,0,15.54
04-11-2020,88083057,1100,0,3,70.0,0,15.71
04-11-2020,89126392,1100,0,2,69.0,4,15.94
04-11-2020,89107448,1000,0,2,55.0,4,18.18
04-11-2020,89096562,900,0,2,56.0,1,16.07
04-11-2020,89080268,900,0,2,37.0,3,24.32
04-11-2020,89079063,1000,0,2,50.0,1,20.0
04-11-2020,88090121,1100,0,2,55.0,3,20.0
04-11-2020,88997562,1035,0,3,55.0,3,18.82
04-11-2020,88965043,850,0,2,46.0,5,18.48
04-11-2020,88960239,1200,0,3,67.0,6,17.91
04-11-2020,88955272,1200,0,2,62.0,2,19.35
04-11-2020,88936962,910,0,2,74.0,1,12.3
04-11-2020,88936958,930,0,3,83.0,3,11.2
04-11-2020,88918926,960,0,2,60.0,1,16.0
04-11-2020,88914795,1100,0,4,76.0,6,14.47
04-11-2020,88912946,1100,0,3,77.0,1,14.29
04-11-2020,88876058,1125,0,2,68.0,1,16.54
04-11-2020,88857200,1150,0,2,60.0,0,19.17
04-11-2020,88821035,880,0,2,70.0,0,12.57
04-11-2020,88813128,945,0,3,68.0,6,13.9
04-11-2020,88813113,1000,0,2,58.0,3,17.24
04-11-2020,88802988,990,0,2,50.0,1,19.8
04-11-2020,88797103,1100,0,3,79.0,1,13.92
04-11-2020,88775291,1080,0,3,65.0,5,16.62
04-11-2020,88775290,830,0,2,45.0,0,18.44
04-11-2020,88775287,775,0,2,61.0,1,12.7
04-11-2020,88765766,1105,0,4,77.0,2,14.35
04-11-2020,85168053,1060,0,3,78.0,2,13.59
04-11-2020,88759542,1020,0,4,79.0,4,12.91
04-11-2020,88745082,850,0,2,52.0,3,16.35
04-11-2020,88698527,1060,0,3,78.0,0,13.59
04-11-2020,88667736,1025,0,3,77.0,1,13.31
04-11-2020,88608269,820,0,2,40.0,0,20.5
04-11-2020,84869966,905,0,2,62.0,3,14.6
04-11-2020,88455983,1200,0,2,50.0,2,24.0
04-11-2020,88077790,1100,0,3,75.0,0,14.67
04-11-2020,88077774,925,0,3,68.0,0,13.6
04-11-2020,88314221,1155,0,3,80.0,3,14.44
04-11-2020,87658596,1200,0,2,52.0,4,23.08
04-11-2020,82075997,1200,0,2,50.0,1,24.0
04-11-2020,86704570,1105,0,2,79.0,1,13.99
04-11-2020,26877931,1200,0,2,35.0,0,34.29
04-11-2020,28367818,1200,0,3,65.0,4,18.46
04-11-2020,88944739,1100,0,3,71.0,4,15.49
04-11-2020,88998178,1190,0,3,69.0,0,17.25
04-11-2020,88991905,980,0,3,90.0,1,10.89
04-11-2020,88991568,1200,0,2,50.0,2,24.0
04-11-2020,88980043,1000,0,2,65.0,1,15.38
04-11-2020,88975771,925,0,3,76.0,3,12.17
04-11-2020,88975213,950,0,2,50.0,3,19.0
04-11-2020,88969036,1000,0,2,75.0,0,13.33
04-11-2020,88959769,1200,0,2,70.0,3,17.14
04-11-2020,88943672,1200,0,3,70.0,4,17.14
04-11-2020,82730705,980,0,2,65.0,3,15.08
04-11-2020,88936900,1175,0,2,75.0,2,15.67
04-11-2020,88936416,1000,0,3,65.0,5,15.38
04-11-2020,88921645,1200,0,4,94.0,5,12.77
04-11-2020,83874687,850,1,2,64.0,1,13.28
04-11-2020,88911795,850,0,3,98.0,4,8.67
04-11-2020,32870512,1150,0,2,75.0,1,15.33
04-11-2020,86199904,1100,0,4,80.0,1,13.75
04-11-2020,88896196,1175,0,2,75.0,2,15.67
04-11-2020,88885433,1000,0,2,75.0,1,13.33
04-11-2020,88829345,1200,0,2,52.0,4,23.08
04-11-2020,88875986,1175,0,2,72.0,3,16.32
04-11-2020,88871067,1000,0,4,76.0,2,13.16
04-11-2020,88869876,900,0,3,65.0,4,13.85
04-11-2020,88853761,950,0,3,74.0,0,12.84
04-11-2020,88839181,1050,0,3,72.0,1,14.58
04-11-2020,30202018,1175,0,2,57.0,0,20.61
04-11-2020,88665970,955,0,3,85.0,5,11.24
04-11-2020,88827527,950,0,2,50.0,4,19.0
04-11-2020,88821955,1000,0,2,70.0,5,14.29
04-11-2020,88815619,1100,0,4,139.0,3,7.91
04-11-2020,88801278,900,0,2,76.0,3,11.84
04-11-2020,88800793,950,0,3,63.0,3,15.08
04-11-2020,88793812,1100,0,3,75.0,0,14.67
04-11-2020,88777600,1100,0,3,70.0,2,15.71
04-11-2020,88764613,875,0,2,49.0,2,17.86
04-11-2020,88764608,900,0,3,65.0,1,13.85
04-11-2020,88747964,1050,0,3,80.0,1,13.12
04-11-2020,85020279,950,0,2,65.0,2,14.62
04-11-2020,29786902,1050,0,2,65.0,0,16.15
04-11-2020,88711977,950,0,2,74.0,1,12.84
04-11-2020,88690824,1100,0,3,70.0,2,15.71
04-11-2020,88687039,990,0,3,80.0,5,12.38
04-11-2020,88684954,800,0,2,80.0,0,10.0
04-11-2020,88659135,1150,0,2,60.0,1,19.17
04-11-2020,84668277,850,0,2,60.0,2,14.17
04-11-2020,88629499,1200,0,2,53.0,2,22.64
04-11-2020,88589661,850,0,2,53.0,1,16.04
04-11-2020,88586540,1100,0,3,90.0,2,12.22
04-11-2020,88581058,900,0,3,70.0,7,12.86
04-11-2020,83545288,825,0,3,73.0,0,11.3
04-11-2020,36406867,950,0,2,60.0,3,15.83
04-11-2020,88496632,1175,0,2,71.0,3,16.55
04-11-2020,88470928,1150,0,2,66.0,3,17.42
04-11-2020,37745767,1050,0,2,64.0,1,16.41
04-11-2020,88414107,1200,0,3,81.0,6,14.81
04-11-2020,88339164,1200,0,4,82.0,4,14.63
04-11-2020,88281797,1200,0,2,92.0,2,13.04
04-11-2020,88089318,1100,0,3,61.0,5,18.03
04-11-2020,87664855,1100,0,2,76.0,0,14.47
04-11-2020,86536693,950,0,2,70.0,3,13.57
04-11-2020,87612949,800,0,2,77.0,0,10.39
04-11-2020,89119703,960,0,3,92.0,1,10.43
04-11-2020,89117143,1200,0,4,110.0,3,10.91
04-11-2020,89117132,1050,0,2,70.0,3,15.0
04-11-2020,89117082,1050,0,2,95.0,1,11.05
04-11-2020,89090518,1050,0,2,60.0,1,17.5
04-11-2020,89089899,1100,0,2,90.0,1,12.22
04-11-2020,89076153,1050,0,3,75.0,2,14.0
04-11-2020,89076142,1200,0,4,110.0,3,10.91
04-11-2020,89076100,1100,0,2,70.0,2,15.71
04-11-2020,89076074,1090,0,2,70.0,1,15.57
04-11-2020,89076070,975,0,2,70.0,2,13.93
04-11-2020,89075958,1100,0,2,70.0,1,15.71
04-11-2020,89057938,1200,0,4,110.0,3,10.91
04-11-2020,89057862,975,0,2,67.0,3,14.55
04-11-2020,89057291,1050,0,3,70.0,2,15.0
04-11-2020,89057204,1090,0,2,65.0,1,16.77
04-11-2020,89057164,1100,0,2,95.0,1,11.58
04-11-2020,89043766,1195,0,2,62.0,4,19.27
04-11-2020,89042014,980,0,2,72.0,5,13.61
04-11-2020,89040912,1100,0,2,95.0,1,11.58
04-11-2020,89040877,1100,0,3,100.0,1,11.0
04-11-2020,89040866,1090,0,2,70.0,1,15.57
04-11-2020,89040755,1050,0,3,70.0,2,15.0
04-11-2020,89017040,1010,0,2,56.0,2,18.04
04-11-2020,89016913,840,0,2,42.0,3,20.0
04-11-2020,86243644,925,0,3,70.0,0,13.21
04-11-2020,89006040,1080,0,2,50.0,0,21.6
04-11-2020,81636832,1150,0,3,80.0,3,14.38
04-11-2020,83768892,900,0,2,40.0,4,22.5
04-11-2020,88929353,1100,0,2,65.0,2,16.92
04-11-2020,88903228,995,1,2,83.0,4,11.99
04-11-2020,88210219,950,1,3,65.0,1,14.62
04-11-2020,89090397,975,0,2,40.0,5,24.38
04-11-2020,89090007,950,0,2,36.0,2,26.39
04-11-2020,89042373,1150,0,2,75.0,2,15.33
04-11-2020,89040537,1000,0,3,60.0,3,16.67
04-11-2020,89024251,990,0,2,55.0,2,18.0
04-11-2020,89020914,875,0,2,58.0,2,15.09
04-11-2020,88896901,1100,0,4,99.0,1,11.11
04-11-2020,88829211,1200,0,2,72.0,2,16.67
04-11-2020,88857252,1200,0,4,90.0,0,13.33
04-11-2020,88798996,945,0,3,65.0,3,14.54
04-11-2020,88742498,1200,0,3,65.0,3,18.46
04-11-2020,88708448,1050,0,3,72.0,2,14.58
04-11-2020,88528907,1100,0,3,82.0,6,13.41
04-11-2020,88457440,820,0,3,65.0,0,12.62
04-11-2020,88335319,1100,0,2,87.0,0,12.64
04-11-2020,87054162,1200,0,2,68.0,2,17.65
04-11-2020,89122153,1200,0,3,80.0,4,15.0
04-11-2020,88903556,945,0,3,70.0,5,13.5
04-11-2020,81866029,1200,0,3,60.0,6,20.0
04-11-2020,88934441,1200,0,3,70.0,4,17.14
04-11-2020,88896104,1050,0,2,80.0,3,13.12
04-11-2020,88816493,725,0,2,55.0,3,13.18
04-11-2020,88815934,850,0,2,55.0,3,15.45
04-11-2020,88813558,950,0,2,68.0,4,13.97
04-11-2020,39175530,950,0,2,61.0,0,15.57
04-11-2020,88671186,890,0,2,48.0,4,18.54
04-11-2020,88622810,1100,0,3,98.0,4,11.22
04-11-2020,87513026,1025,0,2,71.0,5,14.44
04-11-2020,87632464,1200,0,2,60.0,4,20.0
04-11-2020,29049690,1200,0,2,60.0,1,20.0
04-11-2020,88077757,880,0,2,63.0,8,13.97
04-11-2020,88333957,1100,0,2,65.0,0,16.92
04-11-2020,88148688,1175,0,3,90.0,0,13.06
04-11-2020,39980572,1200,0,2,78.0,0,15.38
04-11-2020,87933267,1200,0,2,52.0,4,23.08
04-11-2020,87697531,1100,0,3,85.0,2,12.94
04-11-2020,86834131,950,0,3,80.0,3,11.88
04-11-2020,84289379,1200,0,2,50.0,1,24.0
04-11-2020,84679020,1100,0,2,80.0,1,13.75
04-11-2020,85816642,1150,1,3,65.0,1,17.69
04-11-2020,89101368,800,0,2,75.0,4,10.67
04-11-2020,89032507,1200,0,3,65.0,1,18.46
04-11-2020,89030554,1100,0,3,83.0,2,13.25
04-11-2020,89022784,1200,0,4,90.0,1,13.33
04-11-2020,88997821,850,0,3,57.0,4,14.91
04-11-2020,88986665,870,0,2,64.0,2,13.59
04-11-2020,88978971,1200,0,4,68.0,5,17.65
04-11-2020,88977152,1200,0,3,68.0,1,17.65
04-11-2020,88973742,900,0,2,86.0,0,10.47
04-11-2020,88972258,900,0,3,52.0,1,17.31
04-11-2020,88968384,900,0,3,75.0,3,12.0
04-11-2020,88941447,1100,0,3,85.0,2,12.94
04-11-2020,88938728,1200,0,4,99.0,4,12.12
04-11-2020,88902065,1100,0,3,80.0,1,13.75
04-11-2020,88888052,1100,0,3,57.0,5,19.3
04-11-2020,88837660,900,0,2,45.0,0,20.0
04-11-2020,88797643,1100,0,3,75.0,9,14.67
04-11-2020,88794862,1050,0,3,75.0,0,14.0
04-11-2020,88794169,1000,0,2,46.0,3,21.74
04-11-2020,88792406,825,0,2,60.0,1,13.75
04-11-2020,88733005,1000,0,3,115.0,0,8.7
04-11-2020,88727525,850,0,2,60.0,2,14.17
04-11-2020,88668628,1080,0,2,56.0,2,19.29
04-11-2020,88668266,950,0,2,65.0,4,14.62
04-11-2020,88662561,950,0,3,81.0,1,11.73
04-11-2020,88480795,900,0,3,71.0,3,12.68
04-11-2020,88462715,950,0,3,77.0,3,12.34
04-11-2020,88396662,1200,0,2,62.0,1,19.35
04-11-2020,88364153,850,0,2,50.0,3,17.0
04-11-2020,88078697,880,0,3,75.0,0,11.73
04-11-2020,88120648,1050,0,4,86.0,2,12.21
04-11-2020,87325442,1150,0,3,74.0,5,15.54
04-11-2020,40187967,950,0,2,67.0,10,14.18
04-11-2020,89144416,950,0,3,75.0,1,12.67
04-11-2020,89142861,950,0,2,65.0,1,14.62
04-11-2020,88960531,1080,0,2,48.0,1,22.5
04-11-2020,89125061,967,0,2,81.0,1,11.94
04-11-2020,89065635,1200,0,3,65.0,3,18.46
04-11-2020,82240194,760,0,2,40.0,1,19.0
04-11-2020,89045806,990,0,2,55.0,2,18.0
04-11-2020,89010755,750,0,3,80.0,3,9.38
04-11-2020,88990848,1120,0,3,70.0,2,16.0
04-11-2020,88944734,900,0,3,60.0,2,15.0
04-11-2020,88916088,1200,0,3,75.0,1,16.0
04-11-2020,88280714,1150,0,2,70.0,3,16.43
04-11-2020,88913956,1000,0,3,85.0,2,11.76
04-11-2020,88875197,990,0,2,54.0,1,18.33
04-11-2020,88732810,1099,0,3,70.0,6,15.7
04-11-2020,88719098,900,0,3,75.0,10,12.0
04-11-2020,87942732,950,0,3,78.0,4,12.18
04-11-2020,89142066,1000,0,3,70.0,0,14.29
04-11-2020,89142568,800,0,3,54.0,4,14.81
04-11-2020,89122062,1100,0,2,60.0,5,18.33
04-11-2020,89122112,1200,0,2,70.0,3,17.14
04-11-2020,25300065,980,0,2,55.0,3,17.82
04-11-2020,83500863,950,0,2,50.0,1,19.0
04-11-2020,633620,1120,0,2,67.0,0,16.72
04-11-2020,89023454,990,0,3,70.0,5,14.14
04-11-2020,89002834,1200,0,2,55.0,0,21.82
04-11-2020,88894550,1095,0,4,82.0,1,13.35
04-11-2020,88964291,1100,0,4,90.0,2,12.22
04-11-2020,88932186,1000,0,2,60.0,1,16.67
04-11-2020,88922813,1100,0,2,65.0,3,16.92
04-11-2020,88918278,890,0,3,72.0,3,12.36
04-11-2020,88915716,950,0,3,90.0,4,10.56
04-11-2020,88902818,830,0,3,69.0,0,12.03
04-11-2020,88891281,1000,0,3,75.0,4,13.33
04-11-2020,88858391,1145,0,3,83.0,1,13.8
04-11-2020,88849530,790,0,2,54.0,0,14.63
04-11-2020,88835161,930,0,3,83.0,3,11.2
04-11-2020,88647831,1155,0,2,64.0,2,18.05
04-11-2020,88827030,1100,0,2,67.0,1,16.42
04-11-2020,88815166,950,0,3,90.0,3,10.56
04-11-2020,88813382,1100,1,3,85.0,3,12.94
04-11-2020,88600361,775,0,2,60.0,1,12.92
04-11-2020,88792304,1060,0,3,66.0,2,16.06
04-11-2020,88809267,1100,0,2,79.0,0,13.92
04-11-2020,33007481,1100,0,3,80.0,0,13.75
04-11-2020,88756733,750,0,2,60.0,0,12.5
04-11-2020,88746721,980,0,2,60.0,0,16.33
04-11-2020,88736291,1200,0,3,80.0,5,15.0
04-11-2020,88729004,1000,0,2,65.0,1,15.38
04-11-2020,88457371,895,0,3,60.0,0,14.92
04-11-2020,88124470,925,0,3,68.0,0,13.6
04-11-2020,88219814,820,0,2,52.0,1,15.77
04-11-2020,89123158,1200,0,4,95.0,1,12.63
04-11-2020,89097483,1200,0,2,60.0,1,20.0
04-11-2020,89044507,750,0,3,55.0,0,13.64
04-11-2020,89028426,1000,0,2,63.0,0,15.87
04-11-2020,89017476,1050,0,2,60.0,3,17.5
04-11-2020,87896880,1100,0,3,70.0,2,15.71
04-11-2020,88924620,1150,0,3,74.0,3,15.54
04-11-2020,88894908,1100,0,4,107.0,5,10.28
04-11-2020,88864169,1150,0,3,70.0,2,16.43
04-11-2020,88797228,1100,0,3,80.0,0,13.75
04-11-2020,88719522,950,0,2,72.0,4,13.19
04-11-2020,88484100,775,0,2,42.0,4,18.45
04-11-2020,88334610,1200,0,2,75.0,5,16.0
04-11-2020,27972074,899,0,4,110.0,2,8.17
04-11-2020,88716334,1190,0,2,89.0,1,13.37
04-11-2020,89012186,950,0,3,65.0,1,14.62
04-11-2020,88273809,850,0,2,38.0,3,22.37
04-11-2020,88954864,1150,0,2,60.0,4,19.17
04-11-2020,88933343,950,0,3,85.0,6,11.18
04-11-2020,88865150,800,0,2,49.0,5,16.33
04-11-2020,88785672,900,0,3,70.0,2,12.86
04-11-2020,88785330,1000,0,3,89.0,8,11.24
04-11-2020,86782588,1200,0,3,80.0,11,15.0
04-11-2020,88692647,1040,0,3,65.0,5,16.0
04-11-2020,88607802,1150,0,3,80.0,3,14.38
04-11-2020,88574642,850,0,2,85.0,0,10.0
04-11-2020,88574641,900,0,2,43.0,4,20.93
04-11-2020,88558195,1000,0,3,94.0,2,10.64
04-11-2020,88525482,1200,0,3,85.0,3,14.12
04-11-2020,37573258,1100,0,2,,0,20.0
04-11-2020,84991033,950,0,3,81.0,3,11.73
04-11-2020,88118035,999,0,2,70.0,1,14.27
04-11-2020,35378793,1000,0,2,58.0,4,17.24
04-11-2020,83911661,1050,0,3,69.0,6,15.22
04-11-2020,38703698,1200,0,2,65.0,1,18.46
04-11-2020,89133643,920,0,3,65.0,0,14.15
04-11-2020,89108299,1200,0,3,77.0,3,15.58
04-11-2020,89108314,1200,0,4,94.0,0,12.77
04-11-2020,89048526,950,0,3,66.0,6,14.39
04-11-2020,88986885,990,0,2,44.0,0,22.5
04-11-2020,88953784,1170,0,2,71.0,1,16.48
04-11-2020,37148024,875,0,2,47.0,1,18.62
04-11-2020,88932091,1090,0,2,55.0,1,19.82
04-11-2020,88919277,945,0,2,71.0,1,13.31
04-11-2020,32231694,945,0,2,62.0,0,15.24
04-11-2020,88850239,690,0,3,65.0,0,10.62
04-11-2020,38036154,750,0,3,56.0,2,13.39
04-11-2020,88814810,870,0,2,65.0,0,13.38
04-11-2020,88798459,885,0,2,57.0,2,15.53
04-11-2020,88556151,830,0,2,58.0,1,14.31
04-11-2020,39195198,900,0,2,56.0,2,16.07
04-11-2020,34568795,830,0,2,58.0,0,14.31
04-11-2020,88458083,800,0,2,74.0,0,10.81
04-11-2020,88458075,1100,0,3,74.0,0,14.86
04-11-2020,88457601,1075,0,2,71.0,0,15.14
04-11-2020,88457598,905,0,2,67.0,0,13.51
04-11-2020,88457593,930,0,3,83.0,0,11.2
04-11-2020,88423942,950,0,3,60.0,4,15.83
04-11-2020,88039137,880,0,2,62.0,8,14.19
04-11-2020,88087342,900,0,3,52.0,2,17.31
04-11-2020,88087049,800,0,2,89.0,1,8.99
04-11-2020,89047099,920,0,3,70.0,0,13.14
04-11-2020,30625030,1000,0,4,80.0,3,12.5
04-11-2020,88979367,1100,0,2,55.0,2,20.0
04-11-2020,88974558,750,0,2,54.0,1,13.89
04-11-2020,88971073,1100,0,2,55.0,3,20.0
04-11-2020,88122409,1200,0,3,80.0,1,15.0
04-11-2020,88726478,1200,0,3,65.0,7,18.46
04-11-2020,88901051,1200,0,2,80.0,2,15.0
04-11-2020,88826262,750,0,2,52.0,1,14.42
04-11-2020,81382518,1200,0,2,65.0,2,18.46
04-11-2020,88792267,850,0,3,82.0,9,10.37
04-11-2020,88792195,1150,0,3,92.0,5,12.5
04-11-2020,88762850,1100,0,3,85.0,1,12.94
04-11-2020,88714539,1200,0,2,77.0,4,15.58
04-11-2020,84247847,1200,0,3,102.0,10,11.76
04-11-2020,30726387,990,0,2,65.0,5,15.23
04-11-2020,88507582,1100,0,2,55.0,3,20.0
04-11-2020,28054394,660,0,2,35.0,5,18.86
04-11-2020,38615132,1100,0,3,76.0,2,14.47
04-11-2020,88207759,1100,0,2,60.0,2,18.33
04-11-2020,88201621,1100,0,2,70.0,1,15.71
04-11-2020,88004616,1150,0,2,70.0,2,16.43
04-11-2020,87990197,920,0,3,67.0,6,13.73
04-11-2020,87821786,850,0,2,65.0,1,13.08
04-11-2020,87663134,1200,0,2,70.0,4,17.14
04-11-2020,27164500,1100,0,4,90.0,0,12.22
04-11-2020,87462298,975,0,3,90.0,7,10.83
04-11-2020,87437198,950,0,3,70.0,4,13.57
04-11-2020,85407309,850,0,2,50.0,0,17.0
04-11-2020,89021806,1100,0,3,71.0,5,15.49
04-11-2020,89008610,950,0,3,71.0,1,13.38
04-11-2020,89008545,990,0,4,103.0,5,9.61
04-11-2020,33839364,980,0,3,82.0,4,11.95
04-11-2020,88959931,1150,1,2,85.0,3,13.53
04-11-2020,88931309,950,0,3,70.0,2,13.57
04-11-2020,88903176,830,0,3,72.0,0,11.53
04-11-2020,88892708,1100,0,2,60.0,0,18.33
04-11-2020,88858449,1150,0,2,70.0,4,16.43
04-11-2020,85557009,1155,0,3,84.0,3,13.75
04-11-2020,88772332,1200,0,2,75.0,0,16.0
04-11-2020,88642223,1000,0,2,80.0,2,12.5
04-11-2020,88250178,1105,0,2,79.0,1,13.99
04-11-2020,88030752,1100,0,2,75.0,0,14.67
04-11-2020,88035584,1050,0,2,80.0,3,13.12
04-11-2020,88022981,1100,0,3,74.0,0,14.86
04-11-2020,88078682,1130,0,3,85.0,1,13.29
04-11-2020,88116161,1200,0,2,82.0,1,14.63
04-11-2020,88107780,950,0,3,70.0,1,13.57
04-11-2020,81264357,1150,0,3,90.0,5,12.78
04-11-2020,89096762,1200,0,3,90.0,1,13.33
04-11-2020,89045040,950,0,2,55.0,4,17.27
04-11-2020,88989619,1100,0,3,85.0,4,12.94
04-11-2020,88739436,850,0,2,56.0,2,15.18
04-11-2020,1835863,1050,0,2,60.0,2,17.5
04-11-2020,1944405,1200,0,2,100.0,1,12.0
04-11-2020,84729797,1020,0,3,88.0,3,11.59
04-11-2020,86276733,1000,0,2,80.0,0,12.5
04-11-2020,89147263,750,0,3,76.0,3,9.87
04-11-2020,89123358,1095,0,2,75.0,3,14.6
04-11-2020,88967334,950,0,4,78.0,7,12.18
04-11-2020,88933929,1200,0,3,83.0,3,14.46
04-11-2020,86980005,950,0,3,86.0,4,11.05
04-11-2020,88754489,980,0,2,49.0,5,20.0
04-11-2020,88564180,750,0,3,80.0,1,9.38
04-11-2020,88458101,870,0,2,65.0,0,13.38
04-11-2020,88183125,1200,0,3,80.0,4,15.0
04-11-2020,89104281,750,0,2,50.0,3,15.0
04-11-2020,89078020,850,0,2,65.0,0,13.08
04-11-2020,89017335,920,0,3,75.0,3,12.27
04-11-2020,83924479,775,0,2,47.0,2,16.49
04-11-2020,88932424,900,0,2,55.0,5,16.36
04-11-2020,39967947,1050,0,2,60.0,2,17.5
04-11-2020,88882648,725,0,2,48.0,4,15.1
04-11-2020,88852163,1100,1,3,85.0,6,12.94
04-11-2020,88844084,950,0,2,68.0,1,13.97
04-11-2020,88818568,1100,1,3,75.0,5,14.67
04-11-2020,88794075,1000,0,3,75.0,2,13.33
04-11-2020,88781248,900,0,3,67.0,3,13.43
04-11-2020,88739820,1100,0,4,87.0,4,12.64
04-11-2020,88662492,980,0,3,80.0,1,12.25
04-11-2020,88620254,1200,0,2,60.0,2,20.0
04-11-2020,88572766,800,0,2,70.0,0,11.43
04-11-2020,27734970,900,0,2,60.0,1,15.0
04-11-2020,88454308,1040,0,3,102.0,1,10.2
04-11-2020,88410899,1000,0,2,78.0,1,12.82
04-11-2020,81374112,800,0,2,44.0,4,18.18
04-11-2020,88237296,1000,0,2,60.0,0,16.67
04-11-2020,40291380,900,0,2,65.0,3,13.85
04-11-2020,86780305,1050,0,2,65.0,0,16.15
04-11-2020,81394154,1200,0,2,60.0,1,20.0
04-11-2020,87540683,1200,0,2,72.0,0,16.67
04-11-2020,89019762,900,0,3,70.0,3,12.86
04-11-2020,89009852,765,0,3,55.0,1,13.91
04-11-2020,88973620,1150,0,2,80.0,4,14.38
04-11-2020,88944740,890,0,2,72.0,2,12.36
04-11-2020,88933023,1200,0,4,105.0,7,11.43
04-11-2020,83407918,960,0,2,50.0,2,19.2
04-11-2020,88860808,980,0,2,50.0,3,19.6
04-11-2020,88378779,850,0,2,44.0,0,19.32
04-11-2020,88733650,1000,0,3,54.0,3,18.52
04-11-2020,88695096,890,0,2,70.0,2,12.71
04-11-2020,88673697,900,0,2,42.0,1,21.43
04-11-2020,88663821,1100,0,4,94.0,2,11.7
04-11-2020,88343805,800,0,2,46.0,1,17.39
04-11-2020,37580128,1130,0,2,85.0,0,13.29
04-11-2020,87303060,1100,0,2,80.0,1,13.75
04-11-2020,89109365,750,0,3,60.0,2,12.5
04-11-2020,89103490,750,0,3,70.0,3,10.71
04-11-2020,89030474,950,0,2,60.0,6,15.83
04-11-2020,89021867,950,0,3,68.0,3,13.97
04-11-2020,89006221,975,0,3,75.0,8,13.0
04-11-2020,89004054,875,0,3,60.0,0,14.58
04-11-2020,88996228,900,0,2,58.0,2,15.52
04-11-2020,88988223,990,0,3,78.0,2,12.69
04-11-2020,88979523,975,0,3,80.0,4,12.19
04-11-2020,88949861,1100,1,3,80.0,1,13.75
04-11-2020,26489834,1200,0,2,100.0,0,12.0
04-11-2020,39809525,850,0,3,65.0,1,13.08
04-11-2020,88918488,1000,0,3,80.0,2,12.5
04-11-2020,88917734,980,0,2,73.0,1,13.42
04-11-2020,88911514,1150,0,3,75.0,3,15.33
04-11-2020,81807928,900,0,3,67.0,2,13.43
04-11-2020,39907467,975,0,2,70.0,4,13.93
04-11-2020,29403721,1190,0,3,86.0,6,13.84
04-11-2020,81244003,900,0,2,65.0,4,13.85
04-11-2020,32958038,950,0,2,56.0,2,16.96
04-11-2020,88850631,850,0,2,48.0,1,17.71
04-11-2020,35815101,1200,0,4,80.0,1,15.0
04-11-2020,88785210,1200,0,2,66.0,4,18.18
04-11-2020,88773671,1200,0,2,52.0,4,23.08
04-11-2020,88746449,950,0,2,61.0,0,15.57
04-11-2020,82336423,1195,0,3,68.0,2,17.57
04-11-2020,88689568,850,0,3,70.0,5,12.14
04-11-2020,88651862,1100,0,2,60.0,0,18.33
04-11-2020,38874727,955,0,3,56.0,6,17.05
04-11-2020,88596953,1025,0,2,75.0,1,13.67
04-11-2020,88589571,850,0,2,45.0,1,18.89
04-11-2020,81523589,850,0,2,60.0,0,14.17
04-11-2020,84089960,925,0,2,63.0,1,14.68
04-11-2020,32129644,1050,1,2,60.0,1,17.5
04-11-2020,35340366,775,0,3,50.0,0,15.5
04-11-2020,36162712,875,0,3,74.0,0,11.82
04-11-2020,88468232,1100,0,2,71.0,2,15.49
04-11-2020,88388358,852,0,2,30.0,9,28.4
04-11-2020,88176428,900,0,2,85.0,0,10.59
04-11-2020,88276833,795,0,3,68.0,4,11.69
04-11-2020,36950630,800,0,3,61.0,2,13.11
04-11-2020,88217612,1000,0,2,60.0,0,16.67
04-11-2020,87668132,1200,0,2,81.0,3,14.81
04-11-2020,88983476,1150,0,3,97.0,4,11.86
04-11-2020,88918860,1000,0,2,55.0,2,18.18
04-11-2020,88846932,1150,0,3,83.0,2,13.86
04-11-2020,36846930,1100,0,2,60.0,0,18.33
04-11-2020,2136681,1100,0,2,63.0,1,17.46
04-11-2020,88126947,1200,0,2,54.0,0,22.22
04-11-2020,85865896,1150,0,2,80.0,5,14.38
04-11-2020,88981295,825,0,4,85.0,2,9.71
04-11-2020,88807213,1175,0,3,100.0,1,11.75
04-11-2020,88593205,1100,0,3,70.0,4,15.71
04-11-2020,89066067,900,0,2,65.0,2,13.85
04-11-2020,89048445,950,0,2,77.0,6,12.34
04-11-2020,89018665,1000,0,3,75.0,3,13.33
04-11-2020,88970639,999,0,2,63.0,3,15.86
04-11-2020,88901880,690,0,3,67.0,6,10.3
04-11-2020,88772998,1200,0,2,56.0,1,21.43
04-11-2020,88454248,995,0,3,90.0,1,11.06
04-11-2020,34087512,995,0,3,90.0,1,11.06
04-11-2020,89127687,1150,0,2,60.0,6,19.17
04-11-2020,89091343,1150,0,2,52.0,1,22.12
04-11-2020,29475808,1100,0,2,70.0,1,15.71
04-11-2020,89105516,1200,0,3,80.0,1,15.0
04-11-2020,83039155,850,0,3,90.0,6,9.44
04-11-2020,89033094,900,0,3,80.0,5,11.25
04-11-2020,89006595,980,0,3,75.0,4,13.07
04-11-2020,1921036,900,0,2,60.0,1,15.0
04-11-2020,88994426,950,0,2,75.0,1,12.67
04-11-2020,88982439,1200,0,3,90.0,2,13.33
04-11-2020,88980910,1100,0,3,71.0,11,15.49
04-11-2020,88874581,820,0,2,65.0,3,12.62
04-11-2020,88871357,850,0,2,55.0,2,15.45
04-11-2020,88871182,1000,0,2,60.0,1,16.67
04-11-2020,88773551,1200,0,2,81.0,4,14.81
04-11-2020,88843172,1200,0,4,85.0,1,14.12
04-11-2020,88825205,1099,0,2,68.0,2,16.16
04-11-2020,88790397,950,0,2,82.0,2,11.59
04-11-2020,88728730,590,0,2,42.0,1,14.05
04-11-2020,29458995,900,0,2,65.0,2,13.85
04-11-2020,88593455,1100,0,3,82.0,2,13.41
04-11-2020,88627322,1000,0,2,55.0,3,18.18
04-11-2020,88556959,875,0,2,56.0,3,15.62
04-11-2020,88447489,1100,0,2,55.0,3,20.0
04-11-2020,40579547,850,0,2,60.0,2,14.17
04-11-2020,88379465,895,0,3,60.0,1,14.92
04-11-2020,88215796,1200,0,3,90.0,1,13.33
04-11-2020,81832869,1110,0,2,65.0,1,17.08
04-11-2020,34666410,1050,0,4,82.0,0,12.8
04-11-2020,88951573,950,0,2,60.0,6,15.83
04-11-2020,88862606,830,0,3,69.0,0,12.03
04-11-2020,88666046,1000,0,3,80.0,3,12.5
04-11-2020,88612692,1200,0,2,90.0,0,13.33
04-11-2020,88489450,840,0,2,60.0,1,14.0
04-11-2020,35201855,1200,0,3,95.0,3,12.63
04-11-2020,87302813,975,0,2,75.0,1,13.0
04-11-2020,89121913,900,0,4,85.0,8,10.59
04-11-2020,89121837,900,0,4,85.0,7,10.59
04-11-2020,88929603,800,0,2,60.0,2,13.33
04-11-2020,87518405,1200,0,2,75.0,1,16.0
04-11-2020,89021485,1200,1,3,90.0,0,13.33
04-11-2020,40013711,975,0,2,58.0,1,16.81
04-11-2020,88365587,1000,0,4,90.0,5,11.11
04-11-2020,89116195,850,0,3,85.0,3,10.0
04-11-2020,33401410,1020,0,3,69.0,0,14.78
04-11-2020,34892311,1010,0,3,85.0,0,11.88
04-11-2020,89051757,790,0,2,55.0,1,14.36
04-11-2020,89041889,1100,0,3,80.0,5,13.75
04-11-2020,88932795,1195,0,3,75.0,3,15.93
04-11-2020,87590288,1175,0,3,80.0,1,14.69
04-11-2020,88976126,900,0,3,80.0,5,11.25
04-11-2020,86133919,950,0,4,83.0,5,11.45
04-11-2020,88947742,1100,0,3,75.0,4,14.67
04-11-2020,88905937,800,0,2,50.0,0,16.0
04-11-2020,84365350,900,0,3,80.0,4,11.25
04-11-2020,88800425,1200,0,3,68.0,1,17.65
04-11-2020,88654441,1100,0,2,73.0,1,15.07
04-11-2020,88034918,1100,0,3,77.0,1,14.29
04-11-2020,82203886,1099,0,4,86.0,1,12.78
04-11-2020,88179698,1100,0,3,78.0,1,14.1
04-11-2020,88086053,1200,0,2,60.0,4,20.0
04-11-2020,87217812,1000,0,2,65.0,0,15.38
04-11-2020,84559493,1000,0,2,45.0,0,22.22
04-11-2020,89076078,850,0,2,60.0,2,14.17
04-11-2020,86210273,850,0,2,55.0,2,15.45
04-11-2020,88660413,850,0,3,51.0,3,16.67
04-11-2020,88599909,995,0,2,49.0,2,20.31
04-11-2020,85123817,1125,0,2,65.0,1,17.31
04-11-2020,84599990,1200,0,3,63.0,6,19.05
04-11-2020,88952441,990,0,2,58.0,2,17.07
04-11-2020,88931356,1100,0,2,45.0,0,24.44
04-11-2020,38563585,1000,0,2,45.0,5,22.22
04-11-2020,88618737,850,0,2,51.0,1,16.67
04-11-2020,88396967,950,0,3,85.0,4,11.18
04-11-2020,88371549,1150,0,2,90.0,6,12.78
04-11-2020,34293062,950,0,3,75.0,4,12.67
04-11-2020,88977981,990,0,2,75.0,0,13.2
04-11-2020,88835320,1080,0,3,84.0,9,12.86
04-11-2020,88696456,900,0,2,70.0,3,12.86
04-11-2020,37854341,800,0,2,50.0,0,16.0
04-11-2020,88997137,875,0,3,65.0,1,13.46
04-11-2020,88907158,895,0,3,69.0,1,12.97
04-11-2020,39104975,1100,0,4,101.0,3,10.89
04-11-2020,88714291,1100,0,2,41.0,5,26.83
04-11-2020,88701850,1098,0,2,56.0,0,19.61
04-11-2020,32174641,1150,0,2,85.0,4,13.53
04-11-2020,28673676,975,0,2,70.0,2,13.93
04-11-2020,89126530,1200,1,2,105.0,3,11.43
04-11-2020,88322874,1200,0,3,75.0,2,16.0
04-11-2020,88114410,1150,0,2,80.0,0,14.38
04-11-2020,87680370,1050,0,2,60.0,1,17.5
04-11-2020,88050721,1150,0,2,65.0,4,17.69
04-11-2020,39120200,1150,0,2,56.0,2,20.54
04-11-2020,36412130,900,0,2,50.0,0,18.0
04-11-2020,30937106,925,0,2,50.0,4,18.5
04-11-2020,33897541,1100,0,3,82.0,4,13.41
04-11-2020,88418766,800,0,2,80.0,2,10.0
04-11-2020,88258076,1100,0,3,75.0,0,14.67
